ISBN,封面图,绘本名称,内容,评论,图书品牌,图书套装,作者,作者原名,作者国别,译者,出版社,作者获奖经历,绘本获奖经历,绘本原作名,适合年龄,责任编辑,正文语种,字数,开本,装帧,出版时间,版次,页数/页,定价/元,编辑推荐,媒体推荐,作者简介,豆瓣评分
9787534641152,,妖湖怪谭 ,这本书中共有《九命灵猫》《三条魔龙》《湖怪》三个中篇故事，合称为《妖湖怪谭》，讲的都是少女或少男所遭遇的魔幻经历。他们凭借自己的勇敢和机智，最终战胜了敌人。那些敌人，有时是个妖巫，有时是几条魔龙，有时是一个泛着淤泥恶臭的湖怪。在现实生活中，没人会相信他们的遭遇，但他们并不孤独，他们不但在书中获得了真诚的友谊，他们还将获得，你，一个慧心的读者，对他们由衷的欣赏。 在动人心魄的故事中，蕴含着深刻的寓意，是这些故事共同的特点。 目录： 九命灵猫 1 红色巴士开进了码头 2 一个眼球蓝、一个眼球黄的老女巫 3 凶兆 4 九头猫怪扑了出来 5 狗舍有个可怕的名字：噩梦集中营 6 我在有轨电车上遇到了噩梦里的那个老女巫 7 《猫的安乐死法165种》 8 女孩对我说，你会发疯的 9 书架背后是猫眼女巫的一双眼睛 10 “美人鱼小姐，我已经找了你几百年了……” 11 猫坟场的传说 12 一片碎纸从天上落了下来 13 我在镜子里看到了一张皱皱巴巴的老脸 14 猫眼女巫就站在我的身后 15 我睡着的时候，有一个老女人坐到了外面的秋千上 16 红色巴士又回来了 17 我想叫，我想放声尖叫 18 游泳池里只剩下了我和表弟两个人 19 更衣箱 20 猫妖沉到了绿色的水底 21 9点朗读会 22 8点27分，我从后门溜了出去 23 雾中有一条诡异的小径 24 美人鱼之墓 25 蜘蛛蟹 26 表弟的一双眼睛变了颜色 三条魔龙 1 我不知道我是为了魔龙而降生 2 妈妈葬在树下 3 一只冰冷的爪子搭在了我的肩上 4 我掉进了陷阱里 5 邪恶双子星AB丢下我不管了 6 树妖婆婆说有一列通往魔界的车 7 身后有三个人露出了一脸狞笑 8 月光电车 9 龙谷 10 我差一点放出来三条凶恶的魔龙 11 蓝蛉族酋长 12 我在“镜泉”边上找到了那只五彩鸟 13 怪物咬住了我的手 14 枯叶蝶站在床头对我说：“你是魔界之子……” 15 爸爸的一根手指动了一下 16 两头小仓鼠 17 班主任“南美狼蛛” 18 我和鼻涕虫在走廊上的一段对话 19 他手心上写着“魔界” 20 地板上是三个大大的黑字：鼻涕虫 21 慢慢地变成了一个绿毛怪物 22 你就是第三条魔龙? 23 五彩鸟 湖怪 1 “尼斯湖怪” 2 一个雨季失踪了九个男孩 3 我在雨中看到了一双一百年前的眼睛 4 邮差 5 一个叫雨蛙的男孩 6 镜子上面映出了一只苍白的小手 7 “Discovery频道”摄影师的儿子 8 妖湖出事了 9 我不知道，我已经没有明天了 10 窗外有……鸟 11 我被一只冰凉的爪子拖出了窗外 12 “到家了!”一个毛骨悚然的声音对我说 13 我成了罐头里的鱼 14 鸟羽风暴 15 门被关上了，但…… 16 是雨蛙的眼睛 17 镜子里的男孩摸了摸我的鼻尖 18 我不是雨蛙，那我是谁? 19 我像穿过一层薄雾一样，穿过了镜子 20 幽灵男孩连牙齿都闪耀着一种淡绿色的光 21 我们的手贴到了一起 22 我们破了它的魔咒，我出来了 23 湖怪化成了一堆灰烬 24 “可我离不开雨天，我只能活在雨里……” 后记,40,,彭懿精灵飞舞幻想小说集,彭懿,,,,凤凰出版传媒集团，江苏少年儿童出版社,,,,,,,,,平装,2008-01,,381,19.00元,,,彭懿，毕业于复旦大学及日本东京学艺大学，获教育学硕士学位。中国作家协会会员。著有幻想文学理论专著《世界幻想儿童文学导论》《宫泽贤治童话论》《幻想教室》，长篇幻想小说《与幽灵擦肩而过》《半夜别开窗》《魔塔》《妖孽》，摄影旅行笔记《独去青海》《邂逅白狐——我的新疆之旅》以及译作《遭遇异人的夏天》《安房直子文集》等。,9.0,"https://book.douban.com/subject/2968974/
"
9787303160952,,不是所有动物都是蓝色的 ,《不是所有动物都是蓝色的》中有穿泳装的水獭，害羞的驴，雨中的小鼠，还有优雅的长颈鹿…… 《不是所有动物都是蓝色的》里的动物都很奇妙，每一个家族里的成员看起来很相像，但是又全都各自不同。,25,,,克里斯提昂·约里波瓦,,,嵇彦伟,北京师范大学出版社,,,,,,,,,,2013-6-1,,,25.00元,,,克里斯提昂·约里波瓦，法国儿童绘本作家，具有敏锐的观察力，她的作品里流淌着法国人特有的精致和优雅。她用铅笔和水彩赋予她笔下的动物一种独特的韵味，哪怕这些动物穿着滑稽的脚蹼或者手中的伞被一阵狂风吹到天上，它们仍然能给人以优雅的感觉。 通过《不是所有动物都是蓝色的》，约里波瓦告诉我们，不管我们看起来多么相似，我们每个个体始终是独一无二的。正是差异和不同才使我们卓尔不群。约里波瓦带领我们——孩子和成人——进入一个敏锐的、富有个性的世界，在这个世界里，我们都在相似中寻找不同。,8.7,"https://book.douban.com/subject/24541931/
"
,,哭鼻子比赛 ,郑渊洁出版的第一部童话集.目录如下: 1.黑黑在诚实岛 2.脏话收购站 3.哭鼻子比赛 4.外号专家逃命记 5.一本不能出版的书 6.长驴头的小鹿 7.作业调整公司 8.耳朵王国 9.真假小虎子 10.小骑士 11.神童王全,49,,,郑渊洁,,,,湖南少年儿童出版社,,,,,,,,,平装,1982年11月,,119,0.30,,,,8.2,"https://book.douban.com/subject/2069636/
"
9787507719239,,金拇指 ,本书主要内容包括：儿子吃狗粮、米小旭的电话、同学聚会、下注赌博、开门红、一败涂地向胡敬求救、泥沙俱下、意外发现、难以置信、惊心动魄、出人意料、所向披靡、向米小旭提条件、还债、不速之客、四面楚歌、国贸之夜。   　　《金拇指》是郑渊洁2001年创作的19万字长篇小说。女一号欧阳宁秀是下岗工人，家境贫寒。一次同学聚会改变了她的命运。偶然的发现使她得知自己的某个大拇指是能洞悉股市未来行情的金拇指。金拇指给她的家庭、友谊、生命制造的悲欢离合可谓登峰造极。,3160,,郑渊洁选集,郑渊洁,,,,学苑出版社,,,,,,,,,平装(无盘),2003-3,,419,19.00元,,,,8.5,"https://book.douban.com/subject/1090575/
"
9787806794845,,疯丫头杜真子 ,《疯丫头杜真子》的故事梗概：马小跳最不喜欢的女生是谁？——一个是同桌路曼曼，一个是表妹杜真子！在学校有路曼曼管他，回到家里有杜真子气他。杜真子的爸爸妈妈出国了，她现在就住在马小跳家。杜真子不仅强占了马小跳的房间（可怜的马小跳晚上只好睡在大厅的沙发上），而且动不动就咋咋呼呼地指责马小跳，甚至连她的猫也欺负马小跳。马小跳的生活一下子全乱套了。,510,,淘气包马小跳,杨红樱,,,,接力出版社,,,,,,,,,简裝本,2004-6,,164,13.00元,,,杨红樱，四川省作家协会副主席，成都市文联副主席，曾做过小学老师、儿童读物编辑、儿童刊物主编，享受国务院特殊津贴的“有突出贡献的专家”。      19岁开始发表儿童文学作品，现已出版童话、儿童小说五十余种。已成为畅销品牌图书的有：《杨红樱童活系列》、《杨红樱校园小说系列》、《淘气包马小跳系列》、《笑猫日记系列》，总销量超过3000万册。      曾获中宣部“五个一工程”奖、中国出版政府奖提名奖、中华优秀出版物奖、全国优秀儿童文学奖、冰心儿童图书奖等奖项。      作品被泽成英、法、德、韩、越等多语种在全球出版发行。      在作品中坚持“教育应该把人性关怀放在首位”的理念，在中小学校产生了广泛的影响，多次被少年儿童评为“心中最喜爱的作家”。,8.3,"https://book.douban.com/subject/1162370/
"
9787533253486,,春天的野餐 ,弗雷德生日那天，艾伯先生提议为他举办一个特别的生日野餐会，野蔷薇村所有的老鼠都被邀请来参加。弗雷德很失望，因为看起来没有人知道今天是他的生日，他多么希望能有人送他生日礼物啊。在去野餐的路上，艾伯先生交给他一个篮子，当他打开篮子时，一个惊喜正在等着他……,20,,,[英]吉尔·巴克莲,,英,苏永刚,明天出版社,,,,,,,,,,2007年7月,,32页,8.50元,,,吉尔·巴克莲（Jill Barklem），出生在英国埃塞克郡的埃平市（Epping）。埃平丰富的自然环境，是吉尔最留恋的，所以从小到后来结婚成家，她都没有离开此地。 埃平的一草一木是吉尔创造《野蔷薇村》的一切灵感来源，也伴她度过艰难的童年时光。 吉尔自小就患有视网膜剥离的眼疾。所以不能像一般孩子跑跑跳跳。后来，她母亲发现她有绘画的天份，就鼓励她画画，也让她排遣时间。 吉尔后来进入伦敦的圣马丁艺术学院（St Martin's School of Art），每天要花一小时坐车到伦敦。她为了排遣路上的无聊时间和车上的吵杂，开始想象在埃平的森林里，有一群和平、友善的老鼠在树洞里建立家园，在悬钩子灌木丛（Brambly Hedge，野蔷薇村）里过着自给自足的生活。她一边构思，一边也顺手在车上速写。之所以选择老鼠为主角，主要是吉尔小时候养了一只老鼠当宠物。 吉尔...(展开全部),9.5,"https://book.douban.com/subject/2170923/
"
9787532415083,,绿色童话 ,《彩色童话集》又称《朗格童话集》，是英国著名作家安德鲁·朗格编辑的童话集。收录了许多著名童话及改编作品，包括安徒生、格林兄弟、豪夫等人作品，同时也收罗了《一千零一夜》、挪威、英格兰、苏格兰以及亚洲各地的民间童话。他于1889年刊行《蓝色童话》以来，到1907年止陆续出版了《绿色童话》、《红色童话》、《黄色童话》。《绿色童话》是《彩色童话》的第二集。,267,,彩色童话集,安德鲁·朗格,,,张训达,少年儿童出版社,,,,,,,,,精装,1991年11月1日,,400 页,20.00元,,,,9.1,"https://book.douban.com/subject/2266772/
"
9787229090081,,艺术大书 ,"孩子的第一本艺术启蒙大书，千万不可错过！ 欧洲童书大师最经典的艺术创意游戏书，精彩的创意分分钟刺激着孩子与生俱来、纯粹敏感的艺术神经，分分钟激荡着孩子无比丰富的想象力，孩子们在游戏中像艺术大师一样思维和创造,在最开心得玩耍中实现与艺术的亲密拥抱！ 孩子，这是你的第一本艺术书！祝你早一天拥有它，把它拿起来，翻开，然后又把它倒过来…… 你看到了什么？涂鸦和斑点，形状和字母，符号和线条…… 那么，现在你要成为艺术家了： 你只需简单地翻页，就可以组合和搭配出很多很多图案与画作， 太有趣了！ 杜莱有真正的儿童思维和意识！孩子在很小的时候也是画《艺术大书》这样的抽象色彩与点线关系游戏，就像艺术大师那样，一般家长都会以为是小孩不成熟时而碰巧产生的涂鸦，其实这是孩子在认知阶段对绘画天然敏感，也是孩子最宝贵的思维方式。我们千万不要用“教未成年人”的方式去引导他们去画画，那就好像用人造砖去替换孩子的宝玉。 ——熊亮（原创绘本大师） 这真是一本与众不同的艺术大书，可以和孩子一起玩起来。线条与色彩、杂乱与整齐、平视与透视、聚合与分散、坚硬与柔软、冷色与暖色、黑白与彩色、字符与形象……画家作者以分组表达的方式，把共用形、镂空形的设计手法用得异常巧妙——不同动感的感叹号，瞬间变成了问号；平静的大海，忽而鱼游海底，忽而鱼跃海面……孩子在翻页的趣味中，感受鱼、海、船，车、人、房等不同的组合，得到无限的审美启蒙。 ——苏清华 （画家、作家、儿童美育专家） 杜莱的这本艺术大书非常酷，独特的上下分页方式让书产生了多样变化。作为一个9年来一直跟孩子的画打交道的“超龄儿童”，我完全能够想象孩子翻阅这本大书时的兴奋与快乐。我也清楚地知道，杜莱作品里传递出的自然纯粹的美的意识与无尽想象力，对于今天的中国儿童来说，有多么宝贵！我推荐父母、孩子以及从事儿童相关产业的人都来翻开这本书，它向我们展开的，是儿童视角下，世界的无限可能性。 ——李芳妃（画家、作家、儿童美育专家） 杜莱一直是一个快乐的孩子，他用颜色表达着各种情绪，他把眼睛所看到的各种事物，解析成各种大大小小的点子、线条、形状，象对待每个有性格的人，将颜色当做符号编排游戏规则，让孩子可以在游戏中讲出动人的故事。《艺术大书》，等着孩子们用它来游戏，并在游戏中享受与艺术的亲密接触。 ——赵雪春（中国儿童中心高级美术教师，儿童美术教育家 ）",21,,,[法]埃尔维•杜莱,,法,青豆童书馆,重庆出版集团,,,the Big Book of Art,,,,,,精装,2015-1-1,,90,128.00,,,埃尔维•杜莱：1958年出生于法国诺曼底。创作出版60余部作品，曾经斩获欧洲乃至全世界一系列最重要的童书奖项，包括“博洛尼亚国际童书展非小说类大奖”、“儿童文学小人书奖”、“女巫奖”、“蒙特勒伊童书节金砖奖”，这些作品和奖项奠定了杜莱欧洲童书大师的地位。 他创作的童书被翻译成27种语言，深受全世界小朋友的喜爱。代表作有《艺术大书》《点点点》《10个10》《哈！不要搞错！》《哈！永远永远不要搞错！》《杜噜嘟嘟》等，《艺术大书》是作者最重要的艺术创意作品。,9.2,"https://book.douban.com/subject/26314604/
"
9787807680499,,世界儿童文学名著名图宝典 ,,,,,格林兄弟	等,,,马爱农,生活·读书·新知三联书店  生活书店出版有限公司,,,,,,,,,精装,2015-6,,493,98.00元,,,,,"https://book.douban.com/subject/26583818/
"
,,sc3 ,2010年法国安古兰漫画节“另类漫画奖”得主！ 45位中国先锋漫画家，来自不同领域的顶尖创作人，围绕主题“前途”精心打造的漫画合集，将你引入漫画的可能性之旅。 我们的生活，我们的时代，奥运，春节，高考，SARS，禽流感，512大地震，内容透及现实的层层面面，在中国，在我 们身边，怀绕着的喜悦和悲痛，感动和困惑，平凡和不凡，45位漫画艺术家自不同角度，纪录你我共同的回忆，这是我们无法忘怀的生命与历程。 640页大容量，长达二十月的悉心打磨，现实主义的成人漫画，前所未有。让人汗毛林立的畅快阅读，时评般的辛辣锐度，小说般的开阔深沉，影像般的细腻斑驳，原来漫画可以这样看！ 小站：http://site.douban.com/106881/ 购买：http://shop34846228.taobao.com/,312,,,合集,,,,Special Comix,,,,,,,,,大16开,2009年,,640页,128元,,,45位中国先锋漫画家，来自不同领域的顶尖创作人，围绕主题“前途”精心打造的漫画合集，将你引入漫画的可能性之旅。,8.9,"https://book.douban.com/subject/4161958/
"
9787514503791,,国王先生 ,MR.KING国王先生 朋友，人生，心态，纯真，柔美，治愈…… 一双眼睛，一个世界；一颗心，一片天空。 邂逅《Mr.king》，分享小红人的乐观与快乐，体味国王的孤独与忧伤，感受扫把的柔情慧心。 《漫客·绘心》人气连载，天才绘本画师扫把倾情绘制最新心灵感悟绘本。 嗨，亲爱的朋友！ 你好吗？ 我想和你在一起， 记得微笑，忘却孤单， 一起歌唱，一起分担。 以舒缓的节奏，分篇分主题的形式，围绕国王和小红人而展开一系列的小故事。讲述国王的孤独和寻觅，小红人的充实和快乐，他们面对同样环境和季节时不一样的心境和感受，他们看待事物的态度，以及心灵感悟。包括书，礼物，家，信，秋天的味道，咖啡，窗，我要告诉你，百年孤独，最后的音乐会十话。 封底： 嗨，我亲爱的朋友 我想告诉你 我会陪着你 从封面走到封底 所以别害怕孤单 遇见你 微笑是我愿送给你的 最好的礼物 捧一杯咖啡对坐 折一纸书信分享悲喜 一起欣赏一段风景 一起分享一段时光 在最后的音乐会里 我们互道珍重，再见,334,,漫客·绘心坊书系,扫把,,,,中国致公出版社,,,,,,,,,24开（方形）,2012-7,,167,32.00元,,,扫把 金龙奖横空出道天才绘本画师，欧陆风格梦幻人物扫描挥洒纯真色彩，成就童话美梦。郭敬明推崇的天才、欧陆风情小公主、不灭童心代言人。 她热爱画画，更热爱生活。她的图画充满童真的纯美，她的故事饱含智慧和温情。 她说，童年的温暖的城是一个最初的梦，永远无法忘怀；她说，亲爱的朋友，微笑是我要送给你的最大的礼物。 你想认识她吗？那就翻一翻《在重庆》吧，也一定要看一看《Mr.king》。,8.7,"https://book.douban.com/subject/11630223/
"
9787507716719,,我是钱 ,《我是钱》是郑渊洁1995年创作的16万字长篇小说，原名《奔腾验钞机》。故事由6张不同面值的钞票的自述构成，人类生活中只有钞票能随便进入每个家庭观察人们的一切，这使得钞票可以近距离和人类成员作亲密接触，获悉人类成员的一切秘密。《我是钱》涉及的人物众多，场景宏大。,2475,,郑渊洁选集,郑渊洁,,,,学苑出版社,,,,,,,,,平装,2001-4,,298,15.00元,,,,8.5,"https://book.douban.com/subject/1066463/
"
9787543668508,,不要随便亲我 ,《不要随便亲我》是“学会爱自己”系列图书中的一本，通过一个小女孩的视野，说出了孩子不愿意总是被别人强迫亲近的心声。图书文字设置巧妙，不但将小女孩的心理表达得十分清楚，还隐含着许多巧妙之处。,82,,学会爱自己,(德)佩特拉·敏特尔 文,,德,刘敏,青岛出版社,,,,,,,,,平装,2010-12,,32,12.00元,,,,8.3,"https://book.douban.com/subject/5916927/
"
9787108044938,,野孩子•童语（三联童书馆） ,《野孩子•童语》由《我的理想》和《我们要第一》两篇生动有趣又富有教育意义的故事组成。 《我的理想》 我的理想，是成为一名医生，治病救人…… 原文为河北张合庄小学4年级学生王璞写的作文。 《我们要第一》 在每个蛐蛐的家里，家长们都在鼓励孩子们“你是第一！”、“你一定要第一”。结果，小蛐蛐们上学了，班主任让他们列队报数，喊出来的都是“第一”，带他们“一二一”齐步走，却都变成了“一、一、一”。 第一，真的那么好吗？,23,,熊亮《野孩子》系列三联版,熊亮,,,,生活•读书•新知三联书店,,,,,,,,,精装,2013-5,,64,45.00,,,熊亮，知名绘本作家，艺术家，书籍策划人和图文教育家。著有多部儿童绘本，2011年起在生活•读书•新知三联书店陆续出版《金刚师》《梅雨怪》《梅雨怪2》《月亮上的筵席》等面向成年读者的“纸上剧场”系列绘本，2013年在三联书店推出儿童绘本“野孩子”系列、“京剧猫”系列新版。,8.8,"https://book.douban.com/subject/24739169/
"
9787507214369,,丝瓜电话 ,《丝瓜电话》：中国儿童原创绘本。《丝瓜电话》主要内容：为了不要变成老奶奶的炒丝瓜，小丝瓜们努力长大、变长，直到统统变成老丝瓜。因为，老了的丝瓜就没有人爱吃啦！哈哈，明年再见吧！,18,,,"孙悦,周建明",,,,中国福利会,,,,,,,,,,2009-2,,24,18.00元,,,,8.3,"https://book.douban.com/subject/3597729/
"
9787539136646,,皮皮鲁和红沙发音乐城 ,《皮皮鲁蔚蓝系列:皮皮鲁和红沙发音乐城》同时收录《电药》、《复活的恐龙》和《马王登基》等。鲁西西用听诊器听到家里的沙发里传出了音乐声，音乐非常好听。而且沙发发出的音乐还有特殊功能，什么特殊功能你还是到故事中寻找吧。,257,,皮皮鲁总动员,郑渊洁,,,,二十一世纪出版社,,,,,,,,,平装,2007-3,,169,13.80元,,,,8.8,"https://book.douban.com/subject/2039809/
"
9784003109311,,日本童謡集 ,童謡童話雑誌『赤い鳥』の創刊以来、終戦に至る30年間に発表された多くの創作童謡の中から、300余篇を選んでここに収める。「からたちの花」「うたを忘れたカナリヤ」「カラスなぜなくの」など、世に広く歌われている白秋、八十、雨情の代表作をはじめ、大正・昭和の名作童謡のすべてを集め、家中みんなが楽しめる本にした。,,,,与田凖一,,,,岩波書店,,,,,,,,,文庫,1957-12-20,,315,735 （税込）,,,,,"https://book.douban.com/subject/1906103/
"
9787807292661,,土拨鼠日记 ,《土拨鼠日记》主要内容：一只心怀梦想懵懂的土拨鼠，离开群居的大家庭，开始了一个人的跋涉。他获得了令人羡慕的友情，经历了纯洁而令人心碎的初恋，甚至匪夷所思地和一条蛇擦出了爱情的火花……可是，生活给予他的，不会只是这美好的一切。在他充满希望的时候，各种凶险、灾难，也相继而来：风暴虐杀了好友，初恋无疾而终，而与蛇之间的爱情则注定是一场不可能的哀伤……土拨鼠又开始了新的跋涉。在度过了一段放纵的生活后，他终于明白了家的意义……,71,,,桑丘,,,,,,,,,,,,,,2009-1,,253,16.00元,,,,9.1,"https://book.douban.com/subject/3522714/
"
9787543464650,,阿文的小毯子 ,一个叫阿文的小老鼠很喜欢他的小毯子，从小到大从不离身，邻居的阿婶和阿文的爸爸妈妈想尽了办法也不能让阿文放弃，最后，妈妈把小毯子做成了一条一条的小手帕。后来，阿文每天都会带着他的小手帕，再也没有人说什么了。《阿文的小毯子》是一个讲述父母和子女沟通 的经典故事。,207,,,(美)凯文·亨克斯 文/图,,美,方素珍,河北教育出版社,,,,,,,,,,2007-4,,22,29.80元,,,,8.6,"https://book.douban.com/subject/2122703/
"
9787807324478,,跳跳电视台 ,该系列相关书目，请点击进入：没有人会想到，马小跳、唐飞、张达、毛超等几个人会建立一个“跳跳电视台”；更没有人会料到，“跳跳电视台”拍摄的两个晚上被播放出来。成为“风云人物”的马小跳接下来却感到了郁闷：他们拍摄的又一个非常精彩的DV新作品被电视台的导演“枪毙”了，班主任秦老师要让路曼曼来接任“跳跳电视台”的台长，唐飞和马小跳“决裂”……马小跳该怎么办？,396,,淘气包马小跳,杨红樱,,,,接力出版社,,,,,,,,,平装,2006-8,,168,13.0,,,杨红樱，中国作家协会会员，《青年作家》杂志社副编审。所著“淘气包马小跳系列”、“杨红樱校园小说系列”、“杨红樱童话系列”已成为品牌图书，畅销校园内外。“杨红樱校园小说系列”将拍成l00集校园动画片；《女生日记》、《男生日记》正由中国电影集团拍成电影；《五·三班的坏小子》、《漂亮老师和坏小子》将拍成电视连续剧。“淘气包马小跳系列”面市后受到了孩子、家长、老师们的由衷欢迎和喜爱，“淘气包马小跳系列”的电影、电视连续剧和动画片正在拍摄制作中，不久将会与广大读者见面。“淘气包马小跳系列”是杨红樱最新创作的儿童小说系列，作品诙谐幽默、好玩有趣，通过描写一群调皮孩子的快乐生活以及他们和家长、老师、同学的好玩的故事，映射当代儿童的生活现实与心理现实，深情呼唤张扬孩子的天性，舒展童心、童趣，探析成人世界与儿童世界之间的隔膜、误区，倡导理解、沟通，让孩子拥有健康、和谐...(展开全部),8.4,"https://book.douban.com/subject/1844857/
"
9787500830146,,父与子全集 ,²内容简介² 1934年12月，第二次世界大战前夜的德国，到处充满了火药味，正是在这样的一个背景下，一套取材于日常生活反映父子间感情的漫画作品开始在《柏林画报》上连载，它的幽默温情犹如一片人性的绿洲，拂过万千民众的心，这便是德国漫画大师埃·奥·卜劳恩的传世名作《父与子》。它的幽默感和人情味表露得如此纯真，以致在问世近70年后，依然不断征服着世界各地的读者，散发出不衰的艺术魅力。 简要目录² 《父与子》卷一，目  录 不可救药 够了 有趣的圣诞书 新镜子 放生 图钉 足球 叫人害怕的邻座 争执的调解人 糟糕的家庭作文 假期第一天 图画的局限 挑战失败 圣诞礼物 变魔术 节前趣事 自制的雪橇 大力神 吃一堑长一智 鱼儿的信 猎人与兔子 免子现形 全部输光 来晚一步 带锚的帽子 就地取材 节前的秘密 雪人的反击 落日 梦游症患者 再也不用担心了 航空信带来的惩罚 真像爷爷 最后一个苹果 蛋糕 装病 家教 按次序来 大好时机 父亲的签名 凡事往好处想 画像摄影术 “前长，后短！” 化恐惧为力量 复活节彩蛋生出的复活节小兔 神奇的魔法书 木偶剧场 请给我四张儿童票 善待天鹅 吸引人的书 《父与子》卷二，目  录 礼物 并没想当英雄 对策 狂欢节 瞎套近乎 快乐从努力中来 装腔作势的人与无私奉献的人 返老还童 父亲见不得血 狗儿也不吃 昂贵的狗儿 举例警告 上床睡觉 不能太过分 鬼怪 都是因为爱 悲伤的乐曲 迅速实现的愿望 被驯服的马 梦与现实 新年历险记 新发明 一年之后 聪明的马 从各方面看——要歌德的书！ 忍耐是有限度的 儿子出逃后 庆祝生日 被消灭的父亲 夏季旅行中的突发事件 饥饿奏鸣曲 原来是要——火！ 意外的勋章 打了一网鱼 完了——一场梦 海狸的报复 意外的猎物 野马 和袋鼠的友谊 “瞧我，给你带来了什么！” 趁火打劫 不情愿的信鸽 这里——才是金子！ 山羊的陷阱 配合默契 紧急任务 插话者 最后的精神食粮 意外获救 又回到了家 《父与子》卷三，目  录 输了棋的父亲 痛苦的自责 美术馆趣事 乐于助人的教训 战争允许一切手段 不知情帮错了 定位球 两对父子 合适的距离 遗憾 一场不成功的音乐会 进入角色 人靠衣装 制作圣诞礼物的秘密 圣诞节的贵客 正中靶心 儿子的报复 忘了放葡萄干 生日惊喜 剪得正好的照片 狮子的错误 雪茄焰火 铅球与皮球 “什么！这是我吗？” 欢乐重现 管教……晚了一点 原来不是金鱼 汽车出了故障 不领情 刷子和胡子 医生禁止他喝浓咖啡 醉后剃须 题词 曾祖父，祖父，父亲和孩子 令人难堪的相像 大笔遗产 见怪不怪，其怪自败 宫中趣事 虚荣心被治好了 理论脱离实践 难以实现的快乐 为什么要仆人 忠实的仆人 意外的复活节礼物 命令就是命令 习惯的力量 海虾带来的烦恼 行善的结果 盛名之下 再见,15531,,,[德] 埃·奥·卜劳恩 绘,,德,杨莹,中国工人出版社,,,,,,,,,平装,2003-4,,204,20.00元,,,埃·奥·卜劳恩（e.o.plauen)， 原名埃里西·奥赛尔（Erich Ohser），德国著名漫画家。1903年3月18日生于德国福格兰特山区阿尔多夫附近的翁特盖滕格林村，童年时迁居卜劳恩市。少年时代学过钳工，后来在莱比锡绘画艺术学院学习。 1930年10月18日，卜劳恩和他的同学、画家卜尔·班塞尔的女儿玛丽加尔德结婚，1931年，他们的爱子克里斯蒂安出世。《父与子》中父与子的形象，就是取材于画家本人与其爱子克里斯蒂安的形象。 1934年12月，奥塞尔接受《柏林画报》邀请，以卜劳恩笔名开辟了一个连环漫画专栏，开始《父与子》等几个连环漫画的创作，并获得了巨大的成功，卜劳恩也因此一举成名。 纳粹在德国掌权后，卜劳恩的政治漫画被禁止发表。1944年3月他和挚友埃里西·克瑙夫被邻居告发，以“反国家言论罪”而遭逮捕。4月6日，在纳粹臭名昭著的“人民法庭”判处...(展开全部),9.1,"https://book.douban.com/subject/1002898/
"
9787532746095,,夏洛的网 ,E.B.怀特(1899-1985)生于纽约蒙特弗农，毕业于康奈尔大学。多年来他为《纽约人》杂志担任专职撰稿人。怀特是一位颇有造诣的散文家、幽默作家、诗人和讽刺作家。对于几代美国儿童来说，他之所以出名是因为写第一流的儿童读物 《小斯图亚特》(1945) 和 《夏洛特的网》(1952)。一代又一代学生和作者熟悉他，因为他是 《风格的要素》这本书的合著者 (兼修订者)。该书是关于作文和惯用法的很有价值的小册子，最初由在康奈尔大学教过怀特英语的小威廉．斯特朗克教授撰写。散文 《自由》于1940年7月首先由《哈泼斯》杂志发表。当时美国尚未加入反对纳粹的战争，世界正处于纳粹──苏联条约的时期，无论左派或右派都忽略了极权主义对民主的威胁。这篇散文收入怀特的文集《一个人的肉食》(1942)。,1208,,,(美)E·B·怀特,,美,任溶溶,上海译文出版社,,,,,,,,,平装,2008--8,,307,22.00元,,,E·B·怀特（1899-1985），美国最伟大的散文家和儿童文学家。《夏洛的网》傲居“美国最伟大的十部儿童文学名著”之首。 在朱克曼家的谷仓里，快乐地生活着一群动物，其中小猪威尔伯和蜘蛛夏洛建立了最真挚的友谊。然而，一个最丑恶的消息打破了谷仓的平静：威尔伯未来的命运竞是成为熏肉火腿。作为一只小猪，悲痛绝望的威尔伯似乎只能接受任人宰割的命运了，然而，看似渺小的夏洛却说：“我救你。”于是，夏洛用自己的丝在猪栏上织出了被人类视为奇迹的网上文字，彻底逆转了威尔伯的命运，终于让它在集市的大赛中赢得特别奖，和一个安享天命的未来。但，这时，蜘蛛夏洛的生命却走到了尽头……,8.6,"https://book.douban.com/subject/3175372/
"
9787221080417,,小狐狸买手套 ,《小狐狸买手套》：小狐狸独自去人住的镇子里买手套，人类真的像妈妈说的那样可怕吗？ 《狐狸阿权》：从来都是喜欢调皮捣蛋的小狸阿权，为什么会偷偷地给兵十家送去鱼和粟子呢？,152,,,(日)新美南吉,,日,周龙梅,贵州人民出版社,,,,,,,,,平装,2008-06-01,,91,10.00元,,,新美南吉(1913～1943)，1913年出生于日本爱知县半田，童话作家。日本儿童文学研究者石井桃子曾经说过一句名言：“北有宫泽贤治，南有新美南吉”。他的代表作有《小狐狸买手套》《狐狸阿权》《去年的树》《花木村和盗贼们》等多部，多篇作品入选日本小学语文教材。 与宫泽贤治一样，他也足终生独身，英年早逝，去世时只有三十岁。他的童话极具人情味，重视故事性，是一种非常适合于讲述的故事。家乡的自然风土，造就了他非凡的感受力；复杂的家庭环境和贫困、身体虚弱等生活背景，又使得他在作品中对处于不同生存状态的人或动物在灵魂上寄予了同情与共鸣。  在他的家乡爱知县，建仃“新美南吉纪念馆”。,8.6,"https://book.douban.com/subject/3124951/
"
9787513316675,,二十四节气 ,让我们走回天地日月中去， 重叙与山川花鸟风云雨雪的物我情长， 把每一个朴素的日子，过成良辰。,29,,,"熊亮 绘,董梅 注",,,,新星出版社,,,,,,,,,精装,2015-1,,29,88.00元,,,熊亮 中国著名绘本作家，中国绘本发展先锋之一。代表作《梅雨怪》、《金刚师》、《小石狮》、《京剧猫》等。熊亮的绘本注重线条和墨色感，作品汲取中国传统艺术的精华，人物景致独特且充满诗意，极富情感表现力，他也是中国被介绍到海外最多的绘本艺术家之一。他的创作非常跨界，涉及成人绘本、童书、小说、戏剧、当代水墨等领域，同时又是书籍策划人和图文教育家。多种元素的结合给其作品带来了广博深厚的特质。他的每一部作品都在突破原有的框架并努力开拓图文形式的可能性。 董梅 中央美术学院人文学院副教授，从事中国古典文学史与中国文化的研究与教学。从中国文化的学习和浸润中获得信仰。人在天地之间，与万物依存，这是我们自身的来处，也是我们心灵的归向。《二十四节气》原本为熊亮受邀，为MERIDIAN时差召集的、来自10个不同国家艺术家的原创项目“时差绘本联合国”中的中国代表之作；此次再版...(展开全部),9.2,"https://book.douban.com/subject/26273658/
"
9787544247191,,阴天有时下肉丸 ,吧唧吧唧小镇和别的小镇一样，有街道、有花园、有学校。不同的是，这里没有卖食物的商店。尽管如此，小镇居民的生活中却不乏美味。因为这儿下雨的时候不下雨珠，下雪的时候不下雪花，刮来的也不只是单纯的风——从天而降的是各种美味的食物。可是有一天，天气变糟了。面对着堆满街道的肉丸、汉堡和番茄，人们开始害怕起来…… 电影《美食从天而降》原作，荣获国际阅读协会、美国童书学会 儿童选书大奖。,164,,,"(美)朱迪·巴瑞特 文,(美)罗恩·巴瑞特 图",,美,李耘,南海出版公司,,,cloudy with a chance of meatballs,,,,,,精装,2010.10,,32页,25.00元,,,朱迪•巴瑞特。绘本作家，主要作品有《老麦克唐纳有一个农场》《动物绝对不应该穿衣服》等。她居住于纽约布鲁克林区，每天的大部分时间都在构思新的作品。她还喜欢收藏古董，家里摆满了植物，还有一台塞满了各种美味的冰箱。为孩子们写书的同时，她也在幼儿园担任艺术课的老师，还是一名书评撰稿人。 罗恩•巴瑞特 绘本作家、插画家，与朱迪•巴瑞特一起创作了《老麦克唐纳有一个农场》《动物绝对不应该穿衣服》等绘本作品。另外，他还为大人们写书和剧本。在成为绘本作家之前，做过动画制作、艺术广告导演等工作。,9.0,"https://book.douban.com/subject/5275422/
"
9787533258177,,我的连衣裙 ,《我的连衣裙》是一本以三拍子节奏展开的图画书。什么叫三拍子呢，就是它有一个不断重复的结构——画面“1·2·3”、“1·2·3”地一遍又一遍地重复着，类似音乐里的节拍。你看，小兔子穿上雪白的连衣裙这张画，是不是和后面的小兔子穿上花朵、雨点、草籽、小鸟花样的连衣裙的画面几乎一样？小兔子走进花田这张画，是不是和下雨了、走进草丛、飞来一群小鸟的画面差不多？小兔子的连衣裙变成花朵花样这张画，是不是和连衣裙变成雨点、草籽、小鸟花样的画面差不多？如果我们把小兔子穿上连衣裙这张画叫做1，走进花田这张叫做2，连衣裙变成了花朵花样这张叫做3，那么，后边就又“1·2·3”、“1·2·3”、 “1·2·3”地重复了三遍。这是一种连一个两三岁幼儿都能明白的重复，他们喜欢这种重复，期盼这种重复。这虽然是一种无声的节拍，但伴随着翻页的动作，孩子们在心中能够感受得到这种音乐般的旋律。,166,,信谊世界精选图画书,(日)西卷茅子 文/图,,日,彭懿,明天出版社,,,,,,,,,精装,2008-10,,42页,28.80元,,,,8.6,"https://book.douban.com/subject/3354727/
"
9787806793855,,阿罗有枝彩色笔 ,属阿罗系列。20世纪最有影响力的作品之一，全球销量超亿册。美、英等21个国家和地区学龄前儿童及家长的必选书。 在美国，有一位小男孩阿罗，在他天马行空的世界里，凭借着一枝彩色笔，画出了自己的无数梦想。阿罗随心所欲，阿罗心想事成，阿罗在他的世界里涂涂抹抹，描绘着他自己的各种故事。 　　作者巧妙地运用孩子的逻辑和语言，真切地描画出他们自由想象的历程。作品简洁生动，充满奇异幻想。简单的线条，引领儿童走入奇异的世界，有益于拓展儿童的想象力、创造力，健全儿童情感世界。阿罗梦笔生花的奇妙故事让无数读者着迷，在美国、英国、法国、德国等国家，学龄前儿童及家长几乎都读过阿罗。美国《出版商周刊》将该书评为20世纪最有影响力的作品之一。,144,,阿罗系列,克罗格特・约翰逊,,,孙晓娜,接力出版社,,,,,,,,,平装,2004-1-1,,64,6.00,,,克罗格特•约翰逊，Crockett Johnson（1906-1975），在众星如云的美国儿童文学史上，克罗格特•约翰逊创作的数量并不多，这位戏称自己为“世界上最懒的人”的男人却以最原始的观念和表现手法，开创了一种新的图画类型与风格，至今无人可取代或模仿。 　　他创作的阿罗形象聪明、单纯、可爱，热爱幻想并有幽默感，紧紧抓住了孩子的心。其大面积留白的形式被称为“儿童图书历史上最有价值的空白”。阿罗这个名字在美国家喻户晓，孩子和家长们都喜欢阿罗，称他为“世界上最富有想象力的小孩”。 　　克罗格特•约翰逊的作品风靡全球40年，打动了世界各地无数读者的心，从面民为世界儿童文学史上永不磨灭的奇迹。,8.9,"https://book.douban.com/subject/1216407/
"
9787535807229,,鸡王画虎 ,本书选取郑渊洁作品中的故事《鸡王画虎》《鸡家族的荣耀》《作曲家，鸡和野猫》《黑母鸡白母鸡》《地球上还剩一个鸡蛋》《虔诚的鸡博士》等多部童话故事，向读者传达友爱、自信等积极向上的主题。,591,,十二生肖系列童话,郑渊洁,,,,湖南少年儿童出版社,,,,,,,,,平装,1992-3,,150,2.60元,,,,8.6,"https://book.douban.com/subject/2059695/
"
9787537930222,,史努比全集（全25册） ,“这是个漆黑的、风雨交加的夜晚”，1965年6月，史努比决定成为一名伟大的小说家，在那架沉重的老式打字机上，他打下这样一行清晰、引人入胜并无望终结的开头。这一年，史努比还面无愧色地登上了《时代》杂志的封面，从前这个地方都是被肯尼迪。赫鲁晓夫或是披头土这样的家伙占据的。  　　对于诞生于1950年的史努比来说，他的上一次人（狗）生转折点发生在1960年，他勇敢地站了起来，再也不毫无尊严地四脚着地。他开始独立思考，而不再是那个圆头圆脑的小子的附庸，他发现睡在屋顶上更容易发挥他的才华，即使是摔下来，他也可以说出这样的名句：“生活就是会被从好梦中粗暴地惊醒。”  　　在接下来的40年间，史努比心安理得地担当着“全世界的最伟大的小狗”这一角色。除了极偶然的情况，他一般会相信“狗”的确是一种与自己不相干的动物。而他则是那位一战中的飞行员、精益求精的作家、在星期天下午闲逛的酷哥、一名夸夸其谈的律师……尽管他的活动范围通常不会超出后院，追随者仅仅是四只笨鸟，他野营的梦想亦不过是吃点速食白蛋糕，但这一点儿也不妨碍他登上月球、组织大规模的军事进攻、在巴黎的小酒馆里喝上两杯……总之，除了对于猫刻骨铭心的仇恨外，他缺乏任何“狗”的痕迹，查理·布朗不得不绝望他忍受着这个伙伴的傲慢、没心没肺与勇往直前，看，即使在夜晚饥饿难耐时，史努比仍表现出一种男爵式的尊严与骄傲。在过去的几十年中，全球至少有3亿5千5百万人每天盯着他的生活，却从未影响过他的我行我素。  　　50年来，美国人查尔斯·舒尔茨手不停挥地画了1．8万条四格漫画，并以毕加索为偶像，但将他推入不朽的艺术家的行列仍是一厢情愿的事，况且多年以来，这个不事张扬的老人最大的心愿不过是与这群小人与小狗作伴。每日不停的四格漫画也无法承载智力与情感的真正追求，他继承了巴尔扎克、大仲马与狄更斯的专栏连载传统，除了才华，他所拥有的形式与空间却小得多了。  　　在那些无所事事的午后，那些沮丧与孤独的夜晚，没有比阅读史努比更令人欣慰的了。你一格格地看着这些小家伙们烦恼的童年，查理·布朗为橄榄球、风筝忧伤，一只小狗面临永恒的修论——他想成为一切，却终归是一只小狗……在小小的方框内，虽然这些故事情节普通，不断重复，可你却从不厌倦，就好像史努比从不拒绝再吃一盘曲奇饼干。  　　那引诱我们的东西是什么？从20世纪60年代末起，舒尔茨就有意限制史努比的光芒，因为这只小猎犬深具魅力甚至引导了漫画的发展。从查理·布朗的挫折，我们看到了生活的现实，看到了面对的外界的无奈与平庸，但史努比却将日常生活变成了一场场真正的冒险：干涸的游泳池是英吉利海峡、尖尖的屋顶成为战斗机……最终，花生村所有的居民都成为了史努比的配角，他们存在理由的就是为了突显这只特立独行的小狗，头戴防风眼镜的史努比如同瞎眼的博尔赫斯一样实践着“强劲的想象产生现实”。  　　舒尔茨更偏爱查理·布朗，而史努比却漫不经。心地大放异彩。请戴好你的飞行头盔，我们将追随我们的漫画英雄开始一场激动人心的历险，你看他，可真是一只了不起的小狗。,576,,,[美] 查尔斯·舒尔茨,,美,,希望出版社,,,,,,,,,平装16开,2002-10,,,800.00元,,,"查尔斯·舒尔茨（Charles M. Schulz, 1922-2000）1950年开始了他作为一名职业漫画家的创作生涯。一个名叫查理·布朗的小男孩儿，一只名叫史努比的不大可能存在的小狗，再加上一群魅力十足的人物，让舒尔茨创造出了一部深受各个国家、各个年龄层读者喜爱的连环画。 舒尔茨曾两度获得漫画艺术最高殊荣“鲁本奖”（Reuben Award），1978年被选为“年度国际漫画家”，1990年得到法国文艺勋章，他还曾获得著名的“艾美奖”。",9.3,"https://book.douban.com/subject/1080758/
"
9787533243708,,木民谷的冬天 ,大家都知道木民谷里的那些木民是要冬眠的。可是这一年，小木民矮子精很早就醒了。因此，当一家人还在睡觉的时候，他决定去看看在夏天里他喜欢的那些地方。可他看到的净是奇怪的白东西。甚至太阳也不见了！小木民矮子精非常生气：不管这“冬天”是谁，她也太不像话了！他决定探索四季中最神秘的这个季节的真相，于是他来到了木民们从没到过的地方……,133,,世界奇幻文学大师精品系列,托芙・扬松,,,任溶溶,明天出版社,,,,,,,,,平装(无盘),2004-4,,164,11.00元,,,,8.9,"https://book.douban.com/subject/1063651/
"
9787532258871,,美国姨妈的礼物 ,赛娜正为着和艾特一起去旅行高兴呢，可是艾特的美国姨妈突然要来了！艾特对赛娜说他的美国姨妈回给他们带来意想不到的礼物，事实上小家伙好像并不这么认为，但是她还是和艾特一起准备丰盛的晚餐等待美国姨妈的到来，美国姨妈给他们带来了什么礼物呢？他们一起享用了那顿丰富的晚餐吗？告诉你们，最后小家伙在旅行前真的收到了一份意想不到的礼物哦……,16,,海豚绘本花园,嘉贝丽·文生,,,,,,,,,,,,,精装,2009-5-1,,,,,,嘉贝丽·文生（GabrielleVincent，1928 2000），原名莫妮克·马丁（MoniqueMartin），生于比利时布鲁塞尔，毕业于布鲁塞尔艺术学院，后主要从事美术创作。1980年开始创作图画书，1982年出版的《流浪狗之歌》获得极高赞誉并广为流传，奠定其世界著名插画家的地位。她的图画书代表作还包括：《艾特熊＆赛娜鼠》系列、《蛋》等。她创作的图画书获奖无数，多是艺术爱好者喜爱和收藏的作品。它们不但深受孩子们的喜爱，也唤起许多大人的强烈情感。 嘉贝丽非常厌恶一味追求物欲的现代消费社会。她认为这是一种病态，“认为无论什么都得用金钱去买，一味拼命地弄钱。可是只要稍微认真地考虑一下，即使不去买，也有花点心思自己就能做到的东西。这样能让想象力丰富起来，自己来创造属于自己的东西。” 艾特熊和赛娜鼠的故事最受孩子们的喜爱，多种版本在世界各地畅销200万...(展开全部),7.4,"https://book.douban.com/subject/6434446/
"
9787208112254,,喜欢你的150个小细节 ,我的人生不曾完整，直至遇上另一半的你。《喜欢你的150个小细节》是一本送给最爱之人的最好礼物！小麦和小葵是一对幸福的80后小夫妻，他们把日常生活中最美好的点滴用画笔记录了下来，这150个恋人间的最动人时刻，告诉我们这样一个道理：浪漫不需要刻意去完成，在你身边的那个人，且行且珍惜。,165,,,isolan麦葵,,,,世纪文睿,,,,,,,,,平装,2013-3,,128,28.00元,,,小麦＋小葵＝isolan=ison+solar （麦伟斌，于励），一对夫妻。生活漫画插画师，作品有《边走边画——泰国浪漫自由行》、《广州乐游游》等。现居广州。 天蝎座的他与狮子座的她，不时画画阅读，种花耍猫，相聚挚友，窝家做饭，漫游城市，牵手旅行。世界变化太快，只愿好好记录这小滋小味小生活，时刻提醒自己珍惜日常的点滴，莫忘人情事物中各种美好的片段与细节。 2012年初，在豆瓣博客连载《喜欢你的150个小细节》至今，深受读者喜爱。 插画作品常见于《城市画报》《羊城晚报》《ELLEMEN》《时尚先生》《风尚志》《1626》《E行天下》《贝太厨房》等。 《明日风尚》《可乐生活》《城市画报》《1626》《饮食男女》《南方都市报》《新快报》《中国妇女》《MR》等报刊杂志相继做过专题报道和采访。 新浪微博：http://weibo.com/isolan,7.2,"https://book.douban.com/subject/21355911/
"
9787537972451,,只有你 ,,13,,,"[美]道格拉斯·伍德  文,[英]P.J. 林奇  图",,美,王芳,希望出版社,,,,,,,,,精装,2015-4,,40,32.80元,,,,7.9,"https://book.douban.com/subject/26357296/
"
9787568213851,,中国历史地图——手绘中国·人文版 ,《中国历史地图 手绘中国 人文版 》是一本关于中国古代历史的人文知识类手绘图画书。全书主要介绍了从原始部落时期到清朝的人文历史知识。每个朝代（原始部落时期除外）包含两个跨页，分成三个板块的内容。一个跨页包括两个板块：一是疆域图，包括中原王朝和周边的政权；二是人文知识的手绘图，主要表现当时的人文、科技、发明、军事、服饰等。第二个跨页是采用绘本的形式讲述该朝代的重大历史事件，既简洁明了又富有风趣的讲明这个王朝从兴到衰的过程。另外还附有7个跨页的知识内容，系统的介绍一些富有的趣味的古代文明科技、宏大建筑和知名人物等相关知识。一卷中国历代王朝的涂鸦，一部中华文明的发展史。,27,,,洋洋兔,,,,北京理工大学出版社,,,,,,,,,精装,2015-11-1,,112,98.00,,,洋洋兔动漫，是中国领先的动漫原创团队，2003年由知名漫画家孙元伟发起，是我国首批通过国家认证的动漫企业之一。曾多次获得文化部漫画团队扶持、新闻出版总署“原动力”一等扶持、北京科委重点资助等荣誉。 公司成立至今，立足原创漫画品牌。拥有国内规模较大的漫画原创团队，以年创作量100册漫画作品的产量居全国首位。至今原创漫画作品已有数百部，图书销量近千万册。版权输出至中国香港、中国台湾、日本、韩国、泰国、越南、马来西亚等多个国家和地区。,8.4,"https://book.douban.com/subject/26663567/
"
9787807598718,,最美的科普·四季时钟系列 ,《草地时钟》是一套知识性、文学性、艺术性完美结合的科学绘本，它与新课标科学教材同步。荣获德国青少年文学大奖，作者以清新流畅的文笔，描绘出植物和动物在四季中不同的面貌；以华丽秀美的图画，揭示出关于太阳、大地、树木、草地、花和蝴蝶的鲜为人知的秘密。     本册为《草地时钟》。,30,,最美的科普·四季时钟系列,乌纳·雅各布,,,顾白,万卷出版公司,,,,,,,,,平装,2009-6,,34,16.50元,,,这本书是在乌纳·雅各布的指导下编写的。乌纳·雅各布一度在美国研究生物学，其后还翻译过一些动物学的书籍。现在，她是著名的儿童书作家和插画家。,9.6,"https://book.douban.com/subject/3709812/
"
9787532732302,,羊男的圣诞节 ,这次村上春树笔锋一转写起了童话小说。故事主角羊男将会带着你来到不为你所知的异世界，踏上神奇、滑稽、一波三折的圣诞夜冒险之旅。我们不禁折服于村上春树的魔力，永远有能力用他的文字来带着你上天入地。配合着日本画家佐佐木让人爱不释手的精美插图，故事显得更加生动有趣。可以让早已走出童年的你再次重温童话的美梦，给你一份轻松愉快的心情，具有很强的可读性。,1997,,,"村上春树,佐佐木MAKI",,,林少华,上海译文出版社,,,,,,,,,平装,2004-01,,80 页,13.00,,,村上春树（1949-），日本著名作家。生于京都，毕业于稻田大学文学系。著有《挪威的森林》、《寻羊冒险记》、《舞！舞！舞！》、《奇鸟行状录》、《海边的卡夫卡》等多部小部和大量随笔、游记，作品被翻译成多国文字，在世界各地深具影响。,7.6,"https://book.douban.com/subject/1072447/
"
9780899195247,,The Monkey and the Crocodile ,Twice the clever little monkey foils the attempts of the crocodile to capture him.,,,,"Galdone, Paul",,,,Houghton Mifflin,,,,,,,,,Pap,1987-8,,32,60.00元,,,,,"https://book.douban.com/subject/2577883/
"
,,畸人馆 ,,57,,,甜老虎,,,,聯邦走馬製作,,,,,,,,,平装,2012-11,,145,,,,,8.2,"https://book.douban.com/subject/20281379/
"
9780786838103,,WALY DISNEY S Cinderella ,"This beautifully illustrated padded storybook is a perfect way to share the true classic fairytale of Cinderella with your little princess! Plus with it's sparkly padded cover, this book is a wonderful companion to the Cinderella: Special Edition DVD.",,,,Lara Bergen,,,,0-7868,,,,,,,,,SAL,2005-9,,94,98.0,,,,,"https://book.douban.com/subject/1952158/
"
9787537972864,,孩子的祈祷 ,,,,,"[美] 蕾切尔·菲尔德 文,[美] 伊丽莎白·奥尔顿·琼斯 图",,美,叶赫那拉·薆孛,希望出版社,,,Prayer for a Child,,,,,,精装,,,,,,,,,"https://book.douban.com/subject/26393347/
"
9787532147595,,此生 肉身觉醒 ,蒋勋首次呈现肉身苦闷与文明的美学相遇 走过死荫之地，经历生死病痛 不虞元气消散，书写生命大美 ----------------------------------------------------------------------------------------------------------- 2010年底，蒋勋患急性心肌梗塞，送台大医院急诊，在加护病房住了好几天，接着，因为心脏缺氧肌肉局部坏死。2011年，蒋勋做了长达半年的复健。在医院里，他思考肉身，讲述并录制佛经故事免费赠送，与人结缘，用另一种眼神看人间，有了与美术史角度不一样的反省。长久以来，人类一直在思考“人”之所以为“人”的理由，人从什么时候开始凝视自己的形貌？人从什么时候开始思维自己的形貌？ 这是蒋勋以世界美术主题通史的角度、首次呈现与“生”息息相关的死亡美学——罗马时代的俗世肉身、基督教时代的肉身救赎、至美索不达米亚的新月肉身、印度的欲念肉身和苦役肉身、中国的敦煌壁画和秦俑中的宠辱肉身……跨越各大文明，追寻肉身之美，寻找此生与自己最美丽的相遇，是一部用生命书写的美学之书。 ---------------------------------------------------------------------------------------------------------------- 看到自己的肉身吊挂着许多点滴，贴着胶布，各种仪表记录器“哔哔”的声音响着。我知道，肉身的功课，或许没有做完，也没有做好。 ——蒋勋 因为爱，我们才有痛；用蒋老师的话：苦难是化了妆的祝福。我们正在上一堂生与死的课程。 ——许悔之,283,,,蒋勋,,,,上海文艺出版社,,,,,,,,,平装全彩印,2013-1,,237,42.00元,,,蒋勋 作家、画家、诗人、美学大师， 1972年负笈法国巴黎大学艺术研究所，曾任台湾《雄狮》美术月刊主编、东海大学美术系主任，现任台湾《联合文学》社长。 美学、史学、佛学等多元熏习，使蒋勋自在地行走在繁华与废墟的时代迁变里而不虞元气消散。蒋勋的散文，有悲情而无愤意，正如张晓风所言，蒋勋善于把低眉垂睫的美、沉哑暗灭的美唤醒。 多年来，蒋勋以文章和画作阐释生活之美与生命之好，深入浅出地引领人们进入美的殿堂，并多次举办画展，深获各界好评。近年来，他专事两岸美学教育的推广，著有《美的曙光》、《美的沉思》、《孤独六讲》、《天地有大美》、《因为孤独的缘故》、《爱欲书》等多种著作。,7.8,"https://book.douban.com/subject/20462994/
"
9787806395868,,小王子（中英文对照本） ,《小王子》是一部写给大人看的童话，一个世界上最伤心的故事，一则关于爱与责任的寓言。 小说讲述了一个因飞机失事而滞留非洲大沙漠的飞行员邂逅一个小外星人的故事：小王子是一个忧郁的小人儿，他来自一个很小很小的星球，在那儿什么都好小好小，小王子很容易忧伤，他小小的生命柔情善感……这样令人心疼的小王子，在撒哈拉沙漠中与作者相遇了，他们一点一滴的交心，于是我们跟着小王子哭，跟着小王子笑，跟作者一起，再度成为一个孩子，寻获我们失去的天真与感动……,10532,,,[法国] 安东·德·圣艾修伯里,,法国,艾柯,哈尔滨出版社,,,,,,,,,平装,2001-11,,193,19.80元,,,安东・德・圣艾修伯里，1900年生于法国里昂，具有贵族血统。他一生冒险，是利用飞机将邮件传递到高山和沙漠的先锋，同时，二次世界大战，法国被纳粹所占领，他被派飞美国，执行勘察飞行员的勤务。他是一位相当帅沉浸飞行，喜欢跟死亡打交道的人。在他致命的、最后的飞行失事前，即已说过，他对死亡早做好准备，甚至还 “相当乐意”迎接死亡。1944年，圣艾修伯里在一次飞行任务中失踪，成为法国文学史上最神秘的一则传奇。,9.1,"https://book.douban.com/subject/1021615/
"
9787508662725,,巴巴央和魔法星 ,故事书： 有一头名叫巴巴央的凶猛野兽，所有的人都害怕他。有一天，星星女王把他送到被施了魔法的夏玛贝玛岛。岛上友爱的动物们让他不再自卑，发现了自己也有温柔、果敢的一面，在那里他结识了各种新朋友，吓退了敌人，与朋友们找到了星星石并进行了奇幻的远航探险。这些经历极大地丰富并考验着他的内心，让巴巴央认识自我，直面野蛮的召唤而不动摇，从自私易怒变得平和，学会了交朋友并保护别人。改变自己只需要一个契机，但内心所要经受的考验却来自每一天。 导读册：由国际知名哲学家、哈佛大学政治哲学教授、《公正》的作者迈克尔•桑德尔精心设计，包含多个问题和游戏，启发孩子思考，讨论日常生活中遇到的道德困境和人际交往问题，比如被欺负、被排挤时该如何做，如何正确排遣愤怒的情绪，如何避免暴力冲突等；同时让孩子展开想象的翅膀，去续讲故事，向家人们、朋友们和邻居们寻找新故事，创作自己的艺术作品……这便是“巴巴央故事计划”——一项由琦库•阿达多和迈克尔•桑德尔夫妇二人共同发起的全球倡议，鼓励孩子们通过讲故事来发现和改变他们的世界。,17,,,"[美]琦库•阿达多,[美]迈克尔•桑德尔",,美,马爱农,中信出版社,,,,,,,,,精装,2016-8-1,,68,49.8,,,琦库• 阿达多：哈佛大学教授，美国知名作家、学者和评论家，在艺术、大众文化、公民生活等领域著述颇丰，著作《完美图像：Photo Op 时代的生活》已被翻译成多国语言。 迈克尔•桑德尔：国际知名哲学家、哈佛大学政治哲学教授，《公正》和《金钱不能买什么》作者。20多年来超过一万名学生听过桑德尔在哈佛大学教授的本科通识课程《公正——该如何做是好？》，这是哈佛有史以来听众最多的课程，选修人数曾创下哈佛大学的历史纪录。他以“苏格拉底问答法”——不断地诘问、应答、反驳和再追问——让理论在课堂上呈现出来，使学生通过对具体个案的辨析和争论，来培养批评思考以及推理论说的能力。,9.0,"https://book.douban.com/subject/26838225/
"
9787505609167,,小笨猪与大坏狼 ,《小笨猪与大坏狼系列(套装全6册)》作者是柯林·麦克诺顿是英国最负盛名的儿童书作家和插图画家之一。1991年，他被授予了素有声望的科特·马希拉奖。理想的工作：狼先生很饿，他饿得能吞下一只小肥猪——就像普莱墩儿。逮小猪这活儿可不容易。如果狼先生能找到一份称心的工作，他就能给自己买东西吃了。可是他能做什么呢：老师？足球运动员？还是，宇航员？嗯，这些主意够他“咀嚼咀嚼”的！,50,,,麦克诺顿,,,阿甲,连环画出版社,,,,,,,,,平装,2008-9,,162,78.00元,,,柯林·麦克诺顿1951年出生在位于英国诺森伯兰郡泰恩河上游的沃尔森德，是英国一位享有盛誉的图画书作者。迄今为止，他在各类评选中，获奖无数，包括英国著名的科特•马希拉奖。柯林·麦克诺顿的代表作“小猪普莱墩儿”系列在英国可谓家喻户晓，CITV电视台根据此系列改编的同名百集动画片，播出时在小观众中引起强烈反响，好评如潮。其后该系列动画被多家电视台买进播出，包括美国ABC儿童频道。 柯林·麦克诺顿在纽卡斯尔完成了美术基本功的训练。1970年，他来到伦敦的一所艺术学院学习了平面设计的课程，然后在皇家美术学院完成了插图专业的硕士课程。在读研期间，他出版了自己人生中的第一本书，此时是1976年。在此后的出版八十多本书里，他仍然集故事创作与插画创作于一身。今天，柯林已经跻身于英国首席图画书大师之列，但同时仍然是深受孩子们喜爱的童书作者，他创作的一系列卡通和根据自己童...(展开全部),8.6,"https://book.douban.com/subject/3206529/
"
9787500798514,,猫王 ,图米国是一个猫的国度。 老猫王有两个儿子，但是他对大儿子白布拉特别偏爱。这在小儿子黑布拉幼小的心田里，种下了嫉妒的种子。谁知，长大后的兄弟俩同时爱上了猫美人巴奇拉，而巴奇拉最终选择了哥哥白布拉，这让弟弟黑布拉产生了报复心理。 巴奇拉为白布拉生了两个儿子，分别叫左黄拉和右黄拉，这更加激起了黑布拉的嫉妒之心，于是他和野猫国的国王康基杜勾结起来，成功篡夺王位。 就在这危急关头，巴奇拉的好朋友奇果拉把自己的儿子乔装成左黄拉的模样，将其救出。但黑布拉马上看出了破绽，于是带上兵马一路追杀左黄拉，左黄拉如有神助，逃跑的路上霎时间土地翻转，助他逃出了黑布拉的魔掌。不可思议的是，猫鼠可以轮回，左黄拉偶然来到了鼠界，并幸运地结识了一只名叫“贼”的小老鼠。 善良、勇敢的左黄拉和他的朋友们在猫鼠两界叙写了一段恢弘的成长史诗……,115,,黄春华炫动长篇系列,黄春华,,,,中国少年儿童出版社,,,,,,,,,,2010-8,,224,19.00元,,,黄春华 出生于三国古战场当阳，长坂坡、当阳桥，谁不知道就来问我。大学就读于北国冰城哈尔滨，松花江、冰灯，没见过的肯定后悔。学的是制冷专业，却迷恋文学写作——许多人都认为不靠谱。非也！我小时候放牛，就爱站在山上胡思乱想：鸟是不是鱼变的？树的心是不是埋在地下？我的牛是不是来自天庭，特意和我作伴…… 大学四年在《红楼梦》里漫游，滴下了不少眼泪。那都是种子，真正滋生了我的作家梦。 写了这么些年，梦好像越来越长，我喜欢一直待在梦里不出来，这种感觉真好。 博客：http://blog.sina.com.cn/kpd 黄春华书迷群号：114613166,8.4,"https://book.douban.com/subject/5038453/
"
9787807595472,,月圆之夜/翡翠森林狼和羊第4册 ,彭懿，1958年出生于沈阳。 毕业于复旦大学及日本东京学艺大学，获教育学硕士学位。 现为上海少年儿童出版社编辑，浙江师范大学儿童文学研究所兼职教授。 系中国作家协会会员，上海市作家协会签约作家。 主要学术著作有《西方现代幻想学论》《世界幻想儿童文学导论》《宫泽贤治童话论》；书评集有《幻想教室》；长篇幻想小说《与幽灵擦肩而过》《半夜别开窗》《怪物也疯狂》《魔塔》《妖孽》《湖怪》、《九命灵猫》、《三条魔方》；摄影旅行笔记《独去青海》《三上甘南路》、《约群男人去稻城》《很远很远的地方有片树》、《租辆废车上天堂·我的西藏之旅》、《邂逅白狐——我的新疆之旅》；译作《遭遇异人的夏天》《安房直子幻想小说文集》《花香小镇》等，《花香小镇》获第11届APPA（亚太地区出版者协会）图书奖翻译铜奖。,88,,翡翠森林狼和羊,"木村裕一/作,阿部弘士/绘",,,彭懿,万卷出版公司,,,,,,,,,精装,2009-1,,100,21.00元,,,作者——木村裕一 出生于东京，曾担任造型教师、幼儿节目的智囊团，后来成为绘本、童话作家。代表作品：《狼与羊》系列，《打招呼的游戏人》，《人类游戏》，《野狼的大餐》，《雨停了》等。 ★画家——阿部弘士 1948年出生于日本北海道。是一位非常活跃的绘本画家。代表作品：《狼和羊》，《猩猩日记》，《刺猬布鲁布鲁》，《大家来逛动物园》等。,8.7,"https://book.douban.com/subject/3518554/
"
9787535774453,,自然的魔法 ,“魔法”是五花八门的。在科学方法出现之前，我们祖先用超自然的魔来解释世界。古埃及人说女神奴特吞噬了太阳才有黑夜。维京人相信彩虹是神通向地球的桥梁。日本人猜想世界被驮在一只巨大鲶鱼的背上，当它摇摆尾巴时，地震就发生了。这些都是奇异的魔法故事。但还有一种魔法，它在我们发现那些问题的真正答案的愉悦里，那就是自然的--科学的魔法。  《自然的魔法》由理查德？道金斯所著，《自然的魔法》融合了清晰的思想实验、眼花缭乱的插图和稀奇古怪的事实，解释了奇异多彩的自然现象。物质是什么构成的？宇宙有多老？为什么大地像零碎的拼图？海啸是怎么来的？为什么有那么多动物和植物？第一个人是谁？这是一本令人爱不释手的图解探秘故事，它不仅从各门学科寻找线索，还让读者学会像科学家那样去思考。  道金斯是世界闻名的进化生物学家，也是科普教育的热情倡导者，为了向成人读者说明科学的奇迹，他花费了大量心血。不过，这回他重新闪亮登场，和著名艺术家麦基恩一起，凭他卓越的解释力来与老少读者共同分享科学的魔法。对世界有过好奇的任何人，都会将本书作为珍藏。道金斯和麦基恩为我们神秘的世界--还有我们外面的宇宙--绘制了一幅蓝图，它将指引着你，给你知识，也给你快乐。,96,,,理查德·道金斯,,,李泳,湖南科技出版社,,,The Magic of Reality: How We Know What's Really True,,,,,,平装,2013-4,,272,68.00元,,,"道金斯（Richard Dawkins）因为《自私的基因》赢得世界名声，接着又出版了系列令读者喜爱的书，包括著名的《上帝的错觉》（The God Delusion）。他最近的作品《地球大戏》（The Greatest Show on Earth）名列畅销书排行榜之首。道金斯是英国皇家学会会员、皇家文学学会会员，赢得过无数大奖。他是牛津大学教授，直到2008年；至今还是新学院的董事。他还编写和出品了几部电视纪录片，包括《达尔文的基因》（2008）和《信仰学校的威胁》（2010）。 麦基恩（Dave McKean）为Ray Bradbury, SF Said, David Almond, Heston Blumenthal, JohnCale, Stephen King和Neil Gaiman等众多作者的获奖图书和连环画做过插图和设计，他为《鬼妈妈》（C...(展开全部)",8.7,"https://book.douban.com/subject/24384863/
"
9787535670625,,一个人的美食跑跑跑 ,因为常年的运动不足，高木直子把心一横，决心向马拉松发起挑战！一边奔跑于马拉松比赛中，一边享受着沿途美景美食，这次更是冲出亚洲，为大家展现世界各地独特的有趣马拉松！ 边喝红酒边跑步的梅德克马拉松、跑在美丽海岸线上的关岛马拉松、在自然景致中穿行的温哥华马拉松、还有在雨中艰难举步但依然坚持到底的台北马拉松……不仅能在各具特色的马拉松比赛中领略异域风情，还借此机会踏上一段段难以忘怀的旅途，更不忘乐在途上的同时寻获美食，真是一举多得！,245,,高木直子绘本系列,高木直子,,,香冰,湖南美术出版社,,,,,,,,,平装,2014-11-1,,173,CNY 30.00,,,高木直子，1974年出生于日本三重县，插画家。 主要作品包括：《一个人的美食跑跑跑》《150cm Life①~③》《一个人住第5年》《一个人的美食之旅》《一个人漂泊的日子》《我和狗狗的16年》《一个人住的每一天》《一个人的幸福手作》等。 最近的目标是做个早睡早起的人。 个人日本官网“暗自窃喜” http://hokusoem.com,8.6,"https://book.douban.com/subject/26253659/
"
9782940380039,,"My Street, Tome 1 ",,69,,,Jun Nie,,,Gilbert Mijoule,Xiao Pan,,,,,,,,,Broché,2006-03-01,,109 pages,EUR 7.50,,,,9.2,"https://book.douban.com/subject/1963904/
"
9787505613430,,中国童谣（全八册） ,“正月要把龙灯耍，二月要把风筝扎，三月清明把柳插，四月牡丹正开花，五月龙桥下河坝，六月要把扇子拿，七月双星桥上会，八月中秋看桂花，九月中秋登高去，十月初十打糍粑，冬月天寒要烤火，腊月过年把猪杀。”由著名的童诗作家金波选编，著名画家胡永凯绘画的《传统童谣》，囊括了各种各样流传许久的经典童谣，带着宝宝一起来翻开这几本书，让小小的心灵亲近传统，感受汉语的韵律之美。 “春天到了歌儿多，一只蜜蜂一支歌。歌儿飞在花园里，支支都是甜蜜的歌。哎，甜蜜的歌，是蜜蜂的歌。他说春天最温暖，他说春天幸福多。春天到了歌儿多，一只小鸟一支歌。歌儿飞在蓝天里，支支都是快乐的歌。哎，快乐的歌，是小鸟的歌。他说春天最温暖，他说春天幸福多。”这四本《四季儿歌》收录了关于春，夏，秋，冬四个季节的童谣，让孩子们在儿歌里感受四季之美。,49,,毛毛虫童书馆,"李光迪，金波　文,田原　胡永凯　图",,,,连环画出版社,,,,,,,,,盒装,2010-10,,全8册,56.00元,,,胡永凯1945年生于北京，擅长装饰画、连环画。1964 年毕业于中央美术学院附中， 历任上海美术电影制片厂美术设计、上海大学美术学院教师 。作品《消夏》获第六届全国美展优秀作品奖；《荷 韵》获第九届全国美展优秀奖。 田原1925年生于上海，解放后任苏南日报、新华日报美编三十年，擅长漫画、中国画。书画作品曾在30多个国家展出，其书法被启功大师称为“当代郑板桥”。曾获全国连环画奖、书籍装帧奖、动画片奖；《好乖乖》获全国第一届幼儿图书评奖一等奖。 金波 诗人，儿童文学作家。1961年毕业于北京师范学院中文系。 其作品《春的消息》获中国作协首届全国优秀儿童文学奖；《会飞的花朵》获中国新时期优秀少儿文艺读物一等奖；《林中月夜》获中国作协第三届全国优秀儿童文学奖。1992年获国际安徒生奖提名。,8.9,"https://book.douban.com/subject/5375937/
"
,,舒克和贝塔历险记 ,舒克和贝塔是童话大王郑渊洁笔下最著名的童话形象，舒克和贝塔伴随了几代人的成长。郑渊洁花费十几年时间写作长达一百多万字的《舒克和贝塔全传》。大多数读者只看过《舒克和贝塔》前100集，而《舒克和贝塔》总共366集。县念迭起，扣人心弦，故事精彩，想象奇特是这部巨著的特色。《舒克和贝塔全传》是成年人回到童年、未成年人享受童年的灵丹妙药，是馈赠孩子和朋友的礼品精神大餐,2081,,,郑渊洁,,,,少年儿童出版社,,,,,,,,,平装,1987.8,,132,0.94,,,郑渊洁，1955年6月15日出生天河北石家庄，原籍山西临汾，现定居北京。1977年开始文学创作。主要作品：《郑渊洁童话全集》（30卷）和《郑渊洁与皮皮鲁对话录》。1985年创刊至今的《童话大王》杂志是专门刊登他的作品的月刊。作品中的人物皮皮鲁、鲁西西、罗克、舒克和贝塔已成为注册商标。1993年当选首届北京十大杰出青年。,9.1,"https://book.douban.com/subject/2084893/
"
9787532951291,,爱丽丝梦游奇境 ,在“爱丽丝”诞生150周年之际，海贝卡·朵特梅以其绝美画风重新诠释这一经典童话！参照刘易斯•卡罗尔心目中的爱丽丝原型，朵特梅重新塑造了这一经典形象；故事中的其他经典角色也得以重生。这将会是《爱丽丝梦游奇境》在21世纪的代表版本。 小姑娘爱丽丝追赶一只小白兔进了兔子洞，发现了一个人物性格奇特的世界，一切都与她原来生活的世界颠倒过来。这里有动物、有怪人、有会说话的扑克牌。这个颠倒世界里发生的荒诞、幽默的故事，对儿童乃至成人都有着很强的吸引力。在这里，她忽而变大，又忽而变小，她在这个世界里不断的闯祸，但是也不断的交了许多个好朋友，在朋友们和她自己的努力下，她一个个的克服的困难，就在她被扑克皇后捉住要杀头的时候，她突然发现……这只是她的一场梦，一场奇特的梦。,,,,[法] 海贝卡·朵特梅 图,,法,冷杉,山东文艺出版社,,,,,,,,,精装,2016-2,,,,,,海贝卡·朵特梅（Rébécca Dautremer）1971 年生于法国盖普（Gap），现定居巴黎。年轻时，朵特梅对摄影充满热情，曾梦想成为出色的摄影师或设计师。就读巴黎国立高等装饰艺术学院期间，教授们很快就看出她的绘画才华，鼓励她从事青少年绘本创作。1996年，朵特梅发表处女作《山羊与大野狼》，让我们看到一位与众不同的插画师。朵特梅画工极其细腻，用色丰富而浓郁，画面充满梦幻色彩。 可以黑色，可以甜美可以雀跃，可以伤感可以优雅写意，可以讽世深省。多变的题材，细腻的画风，让想像不设限，触动心灵最深层的感动。有《被遗忘的公主》 》《爱丽丝梦游奇境》 《拇指男孩的秘密日记等代表作的绘本画家海贝卡·朵特梅透过一幅幅迷人的画作，搭配跳脱逻辑框架、全面颠复想像的故事情境，让思绪在天马行空的绘本世界里尽情奔放！,,"https://book.douban.com/subject/26641535/
"
9787535803825,,兔王卖耳 ,兔王总觉着自己这个大王当得没人家的大王神气。瞧虎王、狮王、狼王，威风凛凛，或率领部下出击，或接受臣民仰拜。而自己呢，没什么王气，只会带着部下逃避灾难，天天生活在惊恐之中。,768,,十二生肖系列童话,郑渊洁,,,,湖南少年儿童出版社,,,,,,,,,平装,1989-8,,181,2.30,,,,8.6,"https://book.douban.com/subject/2059535/
"
9787511277121,,桑吉巴尔大营救 ,1907年，锡利群岛上的生活枯燥、乏味，而且充满了种种艰辛。劳拉的双胞胎哥哥比利离家出走以后，一场大风暴又将岛上的一切都毁掉了。生活似乎只剩下了绝望……直到一艘名为桑吉巴尔号的帆船撞在岛礁上失事之后，一切才随之改变…… 一座孤岛，一艘沉船，孤单的劳拉。 究竟是在绝望中重拾希望，还是困境真的演变成绝境？,19,,,[英] 麦克·莫波格,,英,刘小群,光明日报出版社,,,,,,,,,平装,2015-8,,,19.80元,,,麦克莫波格(Michael Morpurgo)，英国著名儿童文学作家，英国最畅销小说家之一，英国三个获得“桂冠作家”荣誉的作家之一，曾获聪明豆儿童图书奖，蓝彼得图书奖，惠特布雷德儿童文学奖。其创作作品达百余部之多，获奖无数，多部作品曾被翻拍成电影、电视剧、舞台剧和歌剧。他的作品《孤岛上的红毛猩猩》，更是击败《哈利波特》，获得英国惟一由儿童票选最高奖项——英国儿童图书奖，另一部小说则被国际大导演斯皮尔伯格看中，改编为电影。2006年，他凭借在文学领域的贡献被授予大英帝国军官勋章。 麦克莫波格极爱历史，一心渴望迷失在故事里。他的故事，解救了众多渴望幻想的小小心灵。有件事，他想一辈子都做，那就是，给很小很小的孩子写书，那种每个字都很重要的书。,8.0,"https://book.douban.com/subject/26299312/
"
9787535666901,,梦中梦 ,知名插画师昔酒011全新系列，经典古风之作，呈现细致华美的古风新幻想世界。众位高人气作者联合推荐。全本飘逸着优雅、华美、飘逸、艳丽的古韵风情，收录超过60张手绘插图，纤毫俱现地刻画了梦境中那些虚幻却端丽的容颜，仙人、白鹤、传奇、飞龙……全由昔酒011勾勒出世间罕见的姿态，令人一见倾心。,169,,,昔酒011,,,,湖南美术出版社,,,,,,,,,平装,2013-12,,112,42.00元,,,昔酒011，插画师、绘本作者。湖南岳阳人，毕业于北京电影学院动画艺术专业。2009年开始商业创作，画风细腻质朴，色彩柔和清新，故事平淡而精妙。曾创作系列插图《梦中梦》《乐湖之誓》等经典作品。在《绘心》《画匣子》《九州志》《新蕾》等多本杂志发表插图及绘本作品。曾获第七届金龙奖最佳插画奖。代表作：《好心的沙子》（2013）《突然之城》（2009）,9.2,"https://book.douban.com/subject/25772950/
"
9787113112448,,韩国漫画血型书 ,2009年，一个名叫RealCrazyman的韩国人陆续在自己的博客上贴出了“血型漫画”，短短几日，就被中国网友热情翻译晒到了猫扑网站上。每一个看过的人，都会被这四个圆头圆脑的小人儿逗乐，并自发推荐给亲朋好友娱乐共赏。自此，该漫画在各个网络社区被火爆转贴，成为白领们中最,2420,,韩国漫画血型书,（韩）朴东宣,,,彭玲林 译,中国铁道出版社,,,,,,,,,简装,2010-5,,260,28.00元,,,Realcrazyman（真名朴东宣）像A型人一样胆小，像8型人一样随心所欲，像AB型人一样怪异，其实，却是直爽又冒失的O型男。 大学毕业于韩国庆北大学视觉情报设计系，研究生毕业于韩国庆北大学教育研究所，现任大邱庆北女子商业高等学校美术老师。因为《韩国漫画血型书》迅速红遍韩国、中国网络，成为2009年度最红、2010年最值得期待的漫画作者。,8.2,"https://book.douban.com/subject/4809796/
"
9787539135502,,克里克塔 ,法国的小镇上，优雅的波特太太收到儿子寄来的生日礼物，这礼物竟然是一条大蛇！更为奇特的是，优雅的波特太太跑到动物园确认蛇没有毒之后，便把蛇当作孩子一样疼爱起来。然而，你还来不及思考这是否太过荒唐，便被作者引导着进入到故事情境之中：给克里克塔喂牛奶，为它织毛衣、布置温馨而独特的卧室，带它上街买东西、散步；甚至因波特太太老师的身份，带着它去上课，这课堂就特有意思了——克里克特用自己身体模范英文字母、数字等，有趣而生动，这堂课的质量自不必言了。还同孩子们一起玩耍（当然不分性别都同样开心），顺道乐于助人。在最危险的紧要关头，克里克塔还救了波特太太，惩治了小偷，还因此而获得了英雄勋章，得到了人们的认可和嘉奖。这条蛇的幽默、智慧、勇敢展现得淋漓尽致。我们根本感觉不到这是人们所惧怕的爬行动物——蛇。它完完全全地融入了我们的生活，一样穿着、喝咖啡、逛街，甚至还具有英雄气质——乐于助人，惩治坏人，维护社会治安。当然，我们人类也会记住这位英雄的，不光为克里克塔雕塑了一座铜像，还把一座公园命名为“克里克塔”。看来，人类和某些所谓的凶险动物也能很融洽地生活在一起。,215,,,汤米·温格尔,,,蒲蒲兰,二十一世纪出版社,,,,,,,,,,2006年11月,,32页,28.8,,,汤米·温格尔（Tomi Ungerer），1931年生于法国斯特拉斯堡。第二次世界大战爆发后，他的故乡被纳粹德国占领，年仅八岁的他度过了人生中最为恐怖的四年。高中退学后，他曾在欧洲各国游历了两年多。之后，在阿尔及利亚的法国骆驼骑兵团服役一年。回到斯特拉斯堡，在国立装饰艺术高等学院学习了几个月，开始从事橱窗设计、广告插画等工作。随后，受到美国插画家的作品吸引，于1956年乘船前往纽约，希望获得更好的发展机会。1957年发表的处女作《梅隆斯去飞翔》，获《Herald Tribune》报春季儿童图书节名誉奖。从此他广泛涉足儿童读物、讽刺画、广告美术设计等领域，并发表了一系列作品。1971年，由于对都市生活的厌倦，他和妻子曾一度移居到加拿大的乡间，现居住在爱尔兰西南部。 温格尔以其出色的绘画作品获得了大量的奖项：为表彰他在儿童读物领域所做出的突出贡献，199...(展开全部),8.2,"https://book.douban.com/subject/1959286/
"
9787539142753,,鲁西西外传（注音版） ,《皮皮鲁总动员:鲁西西外传(精编彩色注音版)》主要内容：鲁西西是我的妹妹，这早就不是什么秘密了。但她的事我也不是全都知道。比方说，她写作业的时候，不可思议地遇到了一个由桌上的木纹变幻而成的小女孩，然后，跟着小女孩来到了一个非常奇妙的世界……,40,,皮皮鲁总动员 精编彩色注音版,郑渊洁,,,,２１世纪出版社,,,,,,,,,平装,2008-09,,95,13.80元,,,,8.7,"https://book.douban.com/subject/3242854/
"
9787301259955,,海滨的生灵 ,博物志本辑新书5种（12初月上市）： 蕾切尔•卡森《万物皆奇迹》《海滨的生灵》《寂静的春天》 约翰•缪尔《等鹿来》 约翰•巴勒斯《飞禽记》 《海滨的生灵》是卡森的“海洋三部曲”的终结篇。 以大器、精妙、充满诗意的文笔描绘了海滨生态的万千生相。本书系统全面地展开了对海岸生态系统的介绍，讲述了潮汐与陆地的相互地质作用，岩石、沙滩、珊瑚这三种海滨生态类型的特征和美丽。 在本书中，卡森贯穿着“敬畏”的环保哲学观念， 以宏大而又细腻的笔触描绘了海滨生态的复杂和奇妙，揭示了海滨生态在进化史上独特的地位，那些渺小的生物是从海洋走向陆地的先锋，具有伟大的探险精神，没有它们的最初尝试，生物不可能进化出众多的陆地物种，也就不会有人类。海滨生物的每一个物种都是在严苛的海滨和潮汐环境中，在生死时速之间搏斗生存，这些渺小生灵的伟大与美丽，足以赢得人类的敬畏和惊叹。,24,,沙发图书馆·博物志,〔美〕蕾切尔•卡森,,,李虎,北京大学出版社,,,The Edge of Sea,,,,,,精装,2015-12-1,,288,49.00元,,,蕾切尔•卡森（Rachel Carson，1907-1964） 美国现代最著名的博物学作家。先后出版了《在海风下》《环绕我们的海洋》《海滨的生灵》，组成了超级畅销的“海洋三部曲”。连续80周占据《纽约时报》畅销书排行榜。之后更以《寂静的春天》引发了现代环保运动，极大地改变了美国和全世界的环境观念。,9.2,"https://book.douban.com/subject/26661064/
"
9787532466078,,鬼妈妈 ,《鬼妈妈》曾获2002年布莱姆·斯托克奖、2003年雨果奖最佳中篇小说、2003年星云奖最佳中篇小说、2003美国图书协会最佳青少年读物。是一部既写给孩子、又是写给大人看的风格诡异的幻想小说。作者尼尔·盖曼自己说：“我原本打算为我的女儿写一个5到1O页的短故事，但是故事自己有了生命……孩子们会把它当成一个有趣的冒险，大人看了却会做噩梦。”,597,,,（英）尼尔·盖曼,,,杨玲玲,少年儿童出版社,,,,,,,,,平装,2005-7,,125,10.0,,,,8.2,"https://book.douban.com/subject/1678877/
"
9787535442222,,收纳空白 ,年年首部短篇小说图文集 2008~2009年期间闭关全新创作 16开豪华开本 共收录60则独立创作小品文 20张精美复制原画 两款随机海报,2295,,,年年,,,,长江文艺出版社,,,,,,,,,16开,2009年12月21日,,232+20,36.00元,,,1月20日生，中国广州。 太阳星座：山羊水瓶；月亮星座：双鱼白羊。 喜：post rock，渡轮，夏季的天空，皮制品 厌：公众假期，排队 个人网站：http://www.nian-nian.com/,7.5,"https://book.douban.com/subject/4194622/
"
9787508621272,,守护者 ,《守护者》是两位大师奇妙而独一无二的跨界合作：灵性导师艾克哈特·托尔的深刻洞见和广受好评的“MUTTS漫画之父”帕特里克·麦克唐纳令人愉悦的插画作品，精妙地结合在一起，浑然天成，字里行间充满了感动人心的力量，传递了对自然、动物、人类及所有生命的深邃挚爱，激发我们对存在本身的感悟和崇敬。《守护者》不但赞美和唤醒我们与所有生命的一体感，而且让我们在当下找到奇妙和欢乐，寻回我们遗忘良久的日常生活之美。,313,,,"埃克哈特•托利,帕特里克•麦克唐纳",,,陈寿文,中信出版社,,,,,,,,,平装,2010年8月,,120,28.00元,,,“埃克哈特•托利是我们这个时代的心灵大师。”——美国著名脱口秀主持人 奥普拉•温弗瑞 “这是有史以来最好的漫画之一。”——“花生系列”漫画之父 查尔斯•舒尔茨 埃克哈特•托利 “我们这个时代的灵性导师”、畅销书作家，出生于德国，受教于伦敦大学及剑桥大学。29岁时，一次彻底的内心转化改变了他的生活进程，在接下来的几年，他致力于去理解、整合、深化这次转化。这标志着一个热切的内在探索之旅的开始。然后，在伦敦，他开始作为咨询师和灵性导师为个人和团体提供服务。1995年起，他开始居住加拿大温哥华。 艾克哈特•托尔的代表作——纽约时报畅销书第一名《当下的力量》被翻译成33种语言，畅销全球300万册。而后出版的的《新世界》也得到广泛好评，被誉为我们这个时代最有影响力的两本灵性书籍。其他作品还有《寂静在说话》、《修炼当下的力量》。 帕特里克•麦克唐纳 著名漫画家。帕...(展开全部),8.4,"https://book.douban.com/subject/4857084/
"
9787513313162,,奇妙国 ,这是一套极富巧思和设计感的绘本。安野光雅将科学与哲学融为充满幽默的视觉游戏，用精致细腻的水彩画建构出令人惊叹的艺术世界，缜密的思考与精准的设计中不乏美感和童真童趣。通过对二维、三维空间的交错安排以及巧妙的视角转换，安野光雅让现实中不可能存在的矛盾空间呈现在《奇妙国》中；《颠倒国》里发生的有趣故事，能够让小读者们形象地了解“相对”这一抽象的哲学概念；而神秘的《森林》更是作者周密的设计和细腻画风的极致体现，在看似静谧的森林中，其实隐藏了许许多多的动物，找找看，它们到底在哪里？ 《奇妙国》： 明明是在上楼梯，去到的地方却和之前在同一个平面上；在同一个迷宫里，有些人头上脚下走，有些人头下脚上却仍然走得好好的；从一个架在高处的水龙头里流出来的水，流经一个村落以后却还能从高处流回水龙头里？作者对于图画的巧妙安排和设计达到了令人惊异的程度，完美呈现出隐藏在合理外表下的悖论、幻觉和双重意义，让人大开眼界。 《颠倒国》：扑克牌里有两支军团，士兵们互相觉得对方是颠倒的，他们为此争吵不休，争论了很多年也没有结果。于是，他们决定去找国王，让国王来评判到底谁才是颠倒的……“也安野光雅用一个有趣而充满想象力的故事，将“相对”这一抽象概念在平面的图画中展现了出来，极富巧思，让孩子自然而然地理解并接受。 《森林》：乍看起来相似的一页页森林风景图中其实隐藏着许许多多不同的动物，甚至是人脸、地图等。每一页各不相同，千姿百态，充满了观察和寻找的乐趣。步入森林，静谧的丛林仿佛动了起来……找找看，森林中都藏了哪些动物呢？,32,,,(日)安野光雅,,日,猿渡静子,新星出版社,,,,,,,,,平装,2014-1,,全3册,48.00元,,,安野光雅 享誉世界的绘本大师，国际童书界最高荣誉“安徒生奖”得主。1926年出生于日本岛根县津和野町，毕业于山口师范学校研究科，曾当过美术老师，后开始从事绘本创作、童书设计工作。1968年《奇妙国》出版，至今已出版七十多部绘本，获得过包括日本艺术选奖文部大臣新人奖、讲谈社出版文化奖绘本奖、英国凯特 格林威推荐奖、布拉迪斯拉发插画展（BIB）金苹果奖、意大利博洛尼亚国际儿童书展插画奖、日本菊池宽奖在内的多项大奖，被誉为“具有惊人才华的知性艺术家”。 安野光雅的主要著作有系列绘本“旅之绘本”“走进奇妙的数学世界”，以及《奇妙国》《颠倒国》《森林》《ABC之书》《五十音绘本》《剪纸桃太郎》《数数看》《歌之绘本》《安野光雅的画集》《跳蚤市场》《喜欢大的国王》《天动说》《绘本平家物语》《帽子戏法》《壶中的故事》《三只小猪》《十个人快乐大搬家》《奇妙的种子》等。...(展开全部),8.7,"https://book.douban.com/subject/25414272/
"
9787800736544,,一点巴黎 ,桑贝的繁华都市与似水流年  春日周末的下午，一个甜熟的午觉过后，天色仿佛已经明亮得有了倦色，略微显出些橙色的暖调子，这样的午后，是应该用来浪费在桑贝身上的。     好像是很多年前了，在一本随便的杂志中页，看到一幅漫画：一只不甘寂寞的“后”终于不能忍受棋局的沉闷，划着一道优美的弧线，跳下棋盘溜了出去，两个下棋的人，瞪着惊奇的小眼睛，竟然有点不知所措。后来才知道，它的作者就是桑贝。桑贝，散落在各种杂志中时，似乎总是惊鸿一瞥。及至捧着《我的另一半》、《航空信》、《一点巴黎》、《清晨》和《奢侈、宁静＆享乐》时，奢侈得像一个暴发户。     让－雅克·桑贝（Ｊｅａｎ－Ｊａｃｑｕｅｓ Ｓｅｍｐｅ＇），１９３２年生于法国波尔多，那个以葡萄酒闻名于世的地方。少年时代桑贝梦想加入法国作曲家雷·旺图拉的管弦乐演出，不知怎么就迷上了画音乐家，淘气散漫以至被学校勒令退学，其后桑贝还担任过酒铺的送货员。１７岁时桑贝入伍当兵，那时他一有空就将自己的绘画作品投往巴黎的各大报章杂志。自１９６０年起，桑贝开始为《小淘气尼古拉》画插图，那个不世故，没有心机，不是优等生，也没有特殊才艺的淘气男孩使得桑贝声名大噪，从此开始了插图绘画生涯，他创造了一种法国式的世故圆融的幽默，有时甚至有点半梦半醒，漫不经心。     相对于那些土生土长的巴黎人来说，桑贝不过是个外省人，桑贝笔下的巴黎，永远都是细细密密的背景下的升斗小民，牵着狗互至问候的人；在逼仄老旧的楼群中间伸个惬意懒腰的太太，隔着优美的铁艺栏杆聊天的主妇；阳台上品着咖啡看着街角车来人往的夫妻；因为公共汽车的碰撞而分成两个阵营对骂的乘客；拎着圣罗兰、路易·威登、夏奈尔购物袋四处拍照的日本小姐；在波夫娃写作《第二性》的咖啡馆给父母写信的怀揣梦想的外省姑娘……此时的巴黎只是个背景，虽然桑贝费时费力把这个背景画得密不透风间不容发，可这些像鸟儿一样的甚至面目模糊不清的小人物，仍然成为了巴黎的灵魂。看着这些画，这个时尚之都竟有了些老暖温贫的意味，这就是《一点巴黎》，只是一点，没有伪装也没有表演的一点。     看了《奢侈、宁静＆享乐》，你就会知道什么是真正的奢侈和享乐——老画家和朋友一起在郊外写生，画的大概是芦苇一类的草，在微风中摇曳起伏，老画家说：“回去吧，风向变了。”回去的理由，仅仅是风向变了；有人驾着私家的小船在水上优游，遮阳伞下的小桌上，酒是冰着的，两个酒杯尚空，船舷上写着“诚邀同游”，怪不得岸上的女人要感叹：“如果一天我也来一段艳遇，一定得跟这样的人在一起。”还有在细雨绵绵的日子里，窝在心爱的旧羊毛衫里，身旁堆着珍藏的旧唱片、生火用的木柴和心爱的旧书——真正的奢侈和享乐是有着宁静打底的，平和得像一个飘飘欲仙的好梦。     桑贝的画，精采的不单是他所刻意创造出的戏剧效果，更值得慢慢品味的是他或简或繁的画面里捕捉的一种生活态度，人与人之间的算计、接近和疏离，对老时光的怀念和关爱。许许多多费时费力的背景、看似不必要的细节，都是在说故事。这故事不是几米关于青春关于童年的故事，读来读去，总有些苍凉的况味挥之不去。李倩Ｊ０８３,1507,,桑贝系列,让-雅克・桑贝,,,秋杉,中信出版社,,,,,,,,,平装(无盘),2003-1,,126,25.00元,,,桑贝（Jean－Jacque Sempe），1932年出生在法国的波尔多，那个以葡萄酒闻名于世的地方。少年时代桑贝梦想加入法国作曲家雷·旺图拉的管弦乐演出，但不知怎么就迷上了画音乐家，淘气散漫以致被学校勒令退学，其后桑贝还担任过酒铺的送货员。17岁时桑贝入伍当兵，那时他一有空就将自己的绘画作品投往巴黎的各大报章杂志。1960年他为《小淘气尼古拉》画插图，那个不世故，没有心机，不是优等生，也没有特殊才艺的淘气男孩使得桑贝声名大噪，从此开始了插图绘画生涯。 桑贝创造了一种法国式的世故圆融的幽默，有时甚至有点半梦半醒，漫不经心。作为法国国宝级漫画家，凡是在提及人文传统深厚的欧洲绘本时，没有人能够忽略桑贝。至今，桑贝已经有20多种绘本书问世，桑贝迷已经遍布全世界。正如法国报刊所说：“桑贝笔下的典型人物，身躯小得像鸟，却无法自由翱翔，是受到日常琐事牵绊的理想主...(展开全部),8.7,"https://book.douban.com/subject/1053249/
"
9787531826255,,童 ,我们醒着却以为自己在梦中 我们流连梦境却以为自己正清醒 梦境与追忆点缀着同一个道标 那里的午后有依然香甜的玛德莱纳点心 那里的夜晚有壁炉的暖意和热气袅袅的花草茶 它们已经逝去 它们又不时归来，袭扰我们的梦乡 它们有一个共同的名字 ——童年。 本书收录Lisk近年来创作的绘本故事以及部分彩插。 翻开它，你将被卷入一场人格分裂的旅行…… 让你永远不敢预测下一页的奇妙体验！,611,,,Lisk 绘,,,,黑龙江美术出版社,,,,,,,,,平装,2010-12,,128,29.80元,,,生于中国·浙江海宁 平时喜欢弹吉他和唱歌 最近在听Sleeping at last、Eels以及Heaven，非常喜欢 收集很多很多的CD和英文画册,8.2,"https://book.douban.com/subject/5908794/
"
9787115200884,,迪士尼电影故事 ,《飞屋环游记》主要讲述了：卡尔·费迪逊是一位自闭孤僻、脾气古怪的老人。他与妻子艾莉从小就梦想着能环游世界，可惜的是，直到艾莉去世也没能实现这个愿望。为了完成艾莉的梦想以及自己对艾莉的承诺，卡尔用气球将自己的房子打造成了一座可以飞的屋子，并在无意中邂逅了开朗乐观的小男孩儿小罗。这一对老少完全不搭调的组合，乘坐着“飞屋”开始了他们奇特的冒险旅程。,66,,,,,,,,,,,,,,,,,2009-8,,51,14.80元,,,,9.4,"https://book.douban.com/subject/3923761/
"
9789867460752,,爸爸的圖畫書 ,力氣大的猩猩爸爸、有樣學樣的北極熊爸爸、愛玩的豬爸爸、還有總是慢半拍的綿羊爸爸、弄巧成拙的大象爸爸……動物爸爸們的各種模樣，是不是和家裡的爸爸有點像呢。,168,,,高畠純,,,米雅,道聲出版社,,,,,,,,,精裝,2007,,32,NT$ 216,,,高畠純 1948 年生於日本愛知縣名古屋。畢業於愛知教育大學美術系。東海女子大學教授。1983 年以《這是誰的腳踏車？》（經典傳訊）入選義大利波隆那國際兒童書展插畫展。 高畠純的作品多以動物為主角，線條簡潔率性，用色清亮明朗。故事以幽默小品見長。 米雅 任教於靜宜大學日文系。代表著作：《在微笑的森林裡吹風》（人光）、《另一雙眼睛──窗道雄詩選》（信誼）、《今天，你開心嗎？》（人光）、《走進圖畫故事書的世界》（1書6CD）（道聲）、《桃樂絲的洋娃娃──彭蒙惠的故事》（宇宙光）。,8.6,"https://book.douban.com/subject/3819690/
"
9787108026200,,关于来洛尼亚王国的十三个童话故事 ,《关于来洛尼亚王国的十三个童话故事》在庄重而幽默的语气下，嘲笑了那些缺乏自知、却又自鸣得意的人，他们无视浅显明了的道理，硬是没完没了地在荒唐、愚蠢的怪圈里自我陶醉。十三个故事短巧有趣，却是发人深思、意味深长。 《天堂的钥匙》虽是故事新编，却是站在无神论的立场上对《圣经· 旧约》作出解释，并且为每一篇故事得出结论，或者说“教训”，保持着超然的、争辩的、欲言又止的态度和不动声色的面孔。,1908,,文化生活译丛（新版）,[波兰] 莱·柯拉柯夫斯基,,波兰,杨德友,生活·读书·新知三联书店,,,,,,,,,平装,2007-1,,212,16.00元,,,"莱谢克·柯拉柯夫斯基（Leszek Kolakowski, 1927- ），20世纪波兰著名的哲学家、哲学史和宗教史学家，也是作家和翻译家，享有国际声誉。先后任教于华沙大学、美国耶鲁大学、加州大学伯克利分校、芝加哥大学等，1970年起在英国牛津大学万灵学院任高级研究员。 柯拉柯夫斯基一生发表了三十多部著作，最主要著作有：《马克思主义主流》(1976—1978)、《宗教，如果没有上帝……》(1982)、《形而上学的恐怖》(1988)等。文学方面，有三本短篇故事集最为著名，在世界上广泛流传：《关于来洛尼亚王国的十三个童话故事》(1963)、《天堂的钥匙》(1964)和《与魔鬼的谈话》(1965)。",8.4,"https://book.douban.com/subject/1982096/
"
9787561769140,,七色花绘本 阿莲娜、老鼠和巨猫 ,爱幻想的阿莲娜，遇上了会讲故事的小老鼠黑面包，阿莲娜每天以一块新鲜的干酪，交换黑面包一个新故事，两人在一起渡过了许多愉快的时光。但城里的野猫拉拉却对黑面包虎视眈眈，并追着保护小老鼠的阿莲娜满街跑，只要阿莲娜越害怕，拉拉就会变得越巨大，走投无路的阿莲娜该如何抵抗巨猫呢？,36,,,苏西·博达尔,,,漪然,,,,,,,,,,,2009-5,,24,14.00元,,,苏西·博达尔（Susi Bohdal）1951年出生在奥地利的维也纳。她从五岁起开始学习绘画，之后进入大学研读应用艺术，专攻广告设计。经由大学一位教授的介绍，苏西开始接触蚀刻版画，也因此发现了最适合她个性的一种媒材。她在1974年毕业之后，就成为自由插画家，她认为对所有艺术创作者来说，想像力是最重要的。,8.3,"https://book.douban.com/subject/3706029/
"
9787534272523,,查理九世18·地狱温泉的诅咒 ,《墨多多谜境冒险系列·查理九世18：地狱温泉的诅咒》讲述了：墨多多收到了一封不幸的“诅咒之信”，DODO冒险队跟随信中指引来到温泉乡，想要见证传说中“最恐怖又最美好的奇妙事情”！古怪的温泉旅舍中暗淡无光，镜子中居然照不出人影？打开房门，等待着他们的赫然是……一具棺材！时钟敲响了十二下，如同地狱一般的血红色温泉里伸出一只只青白色的手臂，穿着寿衣的人们挨个爬了上来，白发变青丝，每走一步，他们都更加年轻……所有人都疯狂了，沉浸在美好的青春梦境之中。谁也没注意到，死神已在角落偷偷拉响了梵婀玲。温泉水究竟蕴藏着怎样的巨大能量，它带给人们的是福音还是万劫不复的灾难？隐藏在背后的是美好的希望，还是人类可笑的欲望？竖起耳朵，听，这是来自地狱的呼唤声！,43,,查理九世,,,,,,,,,,,,,,平装,2012-12,,,15.00元,,,雷欧幻象，小时候不见得爱读书，却因为某本特别好看的书，而进入文字领域。 “想象力 =创造力” “每个大人心里都住着一个小孩子；而每个小孩心里，都有个未来的成人在静静地等候。”这是一个大人心里的小孩子为小孩子心里的大人书写的故事。 希望读者们能跟随“查理九世”的冒险，体验最神奇的故事。 那种刚开始战战兢兢、有点好奇、又有点危险的感觉……深深陷入文字那强大而迷人的魅力。借以获得成长的勇气与力量。,8.2,"https://book.douban.com/subject/20492384/
"
9787020040476,,古堡里的月亮公主 ,"十三岁的孤女玛丽亚和自己的家庭教师来到银露村月亮坪庄园投奔堂叔本杰明爵士。银露村民风淳朴、美丽如画，但又是一个充满了种种神秘和悬念的谜一般的地方——庭园里到处是修剪成奇异的公鸡和骑士形状的红豆杉树，单身一人的本杰明爵士和他的小矮人厨师声称二十年来没有女人踏入过月亮坪庄园宅子的大门…… 一条大得吓人，怎么看都不像大狗郎尔夫（它在出走了二十年后突然又跑回了宅子），一只聪明神奇的会用爪子画画传递消息的黑猫扎卡拉，一片神秘莫测的黑松树林，一匹亦真亦幻的小白马，还有一段几百年来流传的关于月亮公主和小白马的神秘往事……  隐藏在这一背后的，是两个家族世代结下的怨仇。",809,,,[英] 伊丽莎白·古吉,,英,马爱农,人民文学出版社,,,,,,,,,平装,2003-4,,199,19.2,,,本书作者伊丽莎白·古吉的许多作品受到各个年龄读者的广泛欢迎。《古堡里的月亮公主》（原名《小白马》）被公认是一部优秀儿童文学作品，于1946年荣获“卡耐基奖”（英国重要儿童图书大奖之一）。本书曾被英国BBC广播公司改编为电视连续剧《月亮坪》。直至今日，《古堡里的月亮公主》仍被视为一部现代经典之作。,8.3,"https://book.douban.com/subject/1084335/
"
9787121131448,,我的感觉系列（全7册） ,,19,,,康娜莉娅·莫得·斯贝蔓,,,,电子工业出版社,,,,,,,,,精装,2011-1,,,20.00元,,,,9.4,"https://book.douban.com/subject/6726098/
"
9787533941543,,机械心 ,看似老套但反转出人意料 充满隐喻的异色童话 “狄奥尼索斯”乐队主唱跨界才气之作 第一，别碰你的指针。 第二，控制你的怒气。 第三，永远不要，无论如何都不要，陷入爱情。 否则，你心之时钟的巨大指针将会刺穿你的皮肤，你的骨头将会爆裂，而机械心脏会再次粉碎。 “别担心，小家伙！时光流逝，一切都会过去的，你知道。人们总会痊愈，尽管那得花点儿时间。 “一股感动的热流侵占了我。这个小歌女的驯术令我害怕，但是我想极了，想上台去。一种棉花糖和灰尘的气味让我喉咙发干，我不知道一支玫瑰火箭是如何运作的， 但我必须上去。 “我用尽全力拉扯我的指针。真是疼得要命。我用两只手紧紧抓住钟面，像个狂怒的疯子一般，要拔下这只时钟。” 《机械心》讲述的是一个出生于1874年4月16日的名为杰克的故事。那一年的那一天，爱丁堡出奇的冷，连刚出生的小杰克的心脏似乎也被冻住了，接生婆说，他的心脏实实在在被冻住了。为了拯救他的生命，接生婆玛德莱娜为他安上了一颗机械心，于是机械心的每一次跳动都成了一个小小的奇迹。对于这样一颗脆弱的心脏来说，爱情无疑是危险的。玛德莱娜的建议是即便是在梦里，也请温柔安静。可是孩子终会长大，爱情迟早都会到来，一天，杰克听到了隐约的夜莺般的歌声……,29,,马蒂亚斯·马吉尔作品,[法]马蒂亚斯·马吉尔,,法,余宁,浙江文艺出版社,,,,,,,,,平装,2015-5,,177,21.00元,,,马蒂亚斯·马吉尔 Mathias Malzieu 法国摇滚乐队“狄奥尼索斯”主唱，最出乎意料的鬼才作家。马吉尔怪诞、奇特的风格，让评论家常将他和知名导演蒂姆·波顿相提并论，但马吉尔多了一抹温暖色彩。 2003年，他以《38篇迷你西部故事》崭露头角。2005年，推出第一部长篇小说《如今你的世界永远是黑夜》，以魔幻与情感并具的强烈文字风格，备受文坛和读者的好评。 《机械心》是他的第二部长篇小说，他充分发挥音乐才华，特别为这本书打造了一张同名专辑，使它成为第一本拥有音乐原声带的小说。世界级大导演吕克·贝松慧眼独具地买下改编权，并推出同名动画电影。,7.1,"https://book.douban.com/subject/26299947/
"
9787539138022,,舒克贝塔和老鼠报 ,《皮皮鲁总动员之舒克贝塔系列2:舒克贝塔和老鼠报》中的舒克、贝塔决定办一份《老鼠报》，试图改变改变老鼠们的素质。舒克得意地当上了总编辑，还招了个记者和编辑。更神奇的是，老鼠世界第一份报纸《老鼠报》是在空中印刷的。 报纸出来后，贝塔驾驶着坦克去送报。他俩干得不亦乐乎，却不料，老鼠家族为了争夺报纸已经大打出手。因为《老鼠报》成了老鼠世界的钱开始流通使用了。没法儿，他俩只能忍痛停办《老鼠报》。 不幸的是，一波未平一波又起。为了躲避同胞们的追踪，慌乱中他们上了“无敌号”航空母舰。在海底的潜水艇里又狭路相逢碰上了海盗。一番争夺之后，总算擒住了海盗，他们在返航的途中把海盗放逐在一座孤岛上。 经历了一些事情后，舒克、贝塔开始厌倦躲躲藏藏的地球生活，他们也没跟我打声招呼，就乘宇宙飞船去了外太空。太不够义气了（笑）。不过，没有交往的日子也不好受，他们决定返回地球。不想被当成“外星人”了。当他们乘坐“勇敢号”宇宙飞船见过真正的外星人后，却发现地球已经发生了巨大的改变……,80,,皮皮鲁总动员·舒克贝塔系列,郑渊洁,,,,二十一世纪出版社,,,,,,,,,平装,2007-7,,234,14.80元,,,,9.1,"https://book.douban.com/subject/2223472/
"
9787531320807,,我会把你治好的 ,,47,,,（德）雅诺什,,,皮皮,春风文艺出版社,,,,,,,,,软精装,1999-04,,43,9.80,,,,9.5,"https://book.douban.com/subject/1061594/
"
9787550234918,,月亮熊 ,陪伴德国小朋友十余年的经典睡前故事《月亮熊》 教会孩子知错认错、乐于分享，陪伴孩子进入甜美的梦乡！ ◎编辑推荐 《月亮熊》在德国是一部家喻户晓、经久不衰的动画片，已经陪伴小朋友们十余年了。这次作者罗尔夫·范尔又将可爱的小熊形象搬到纸上，创作出精彩的绘本。 本书配有可爱的、鼓鼓的小月亮玩偶，故事温馨感人，一定会让小朋友爱不释手。 毛茸茸的小熊，消息灵通的长耳兔，聪明的乌鸦，竭尽全力发光给大家照路的萤火虫……一个“营救月亮”的温馨故事，不仅小朋友会喜欢，也让很多大人找回了童年的感觉。这本书不仅送给孩子们，也送给童心未泯的你。 ◎内容简介 小熊每天晚上都在洞口看月亮，已经坚持了七年。 月亮是他最好的朋友。 小熊有个愿望，他希望自己离月亮近一点儿。为此他试过很多办法。 他尝试着爬上最高的山峰去摸月亮，还尝试着在水中捞起月亮，结果都失败了。 直到一天晚上，小熊想到了一个新点子…… ◎媒体评论 月亮与人和动物的传说数不胜数，但没有一个故事像《月亮熊》那样意味深长！ ——著名翻译家李士勋 月亮熊的故事轻而易举地触动了孩子的内心。读完故事，孩子郑重地对我说：“妈妈，我也要和月亮做朋友，也要和小熊做朋友。”感谢“月亮熊”，陪伴孩子度过一个美妙的夜晚。 ——喆妈 当我们还是孩子的时候，对月亮总有一种跟小熊类似的感情。谢谢作者又让我跟着孩子回到了童年。 ——德国亚马逊读者  真是一本美妙的睡前故事书。孩子们很容易记住这个犯了错又勇于承认的小熊，也能在这个故事里找到自己。 ——德国亚马逊读者  好精致的月亮玩偶。宝宝每天睡觉前都要抓着这个小月亮听我讲故事，晚上出门时还会抬头找找月亮在哪里…… ——德国亚马逊读者,45,,,"[德]罗尔夫·范尔 文,[德]乌尔丽克·莫尔特根 图",,德,宁宵宵,北京联合出版公司·后浪出版公司,,,,,,,,,精装,2014-12,,32,39.80元,,,文：罗尔夫·范尔（Rolf Fänger，1950-2009） 罗尔夫·范尔本是学设计出身，最早进入的是电视广告行业，擅长以动画形象赢得观众的心。1990年后，他开始创作儿童图书，获得广泛好评。特别是“月亮熊”系列图书深得小读者喜欢，成为众多小朋友们必选的睡前故事书。 图：乌尔丽克·莫尔特根（Ulrike Möltgen） 德国著名插画家。怀有一颗童心，创作儿童插画近20年，获得多项德国童书大奖。,9.1,"https://book.douban.com/subject/26209335/
"
9787544237925,,100万只猫 ,《100万只猫》讲述的是，老奶奶想养一只猫，老爷爷就出门去找猫。他来到一个到处都是猫的山丘，把碰到的每一只漂亮的猫都带走了，于是，有几百只猫、几千只猫、几百万只猫、几千万只猫、几亿万只猫，都跟着老爷爷回家了。为了要留下一只猫，所有的猫开始争论谁最漂亮，这些猫气得你吃我我吃你，最后只有一只很不起眼的猫活下来了。老爷爷和老奶奶终于发现，这只猫是世界上最漂亮的猫。,445,,,[美] 婉达·盖格,,美,彭懿,南海出版公司,,,,,,,,,精装,2007-8,,30,20.00元,,,,8.2,"https://book.douban.com/subject/2212066/
"
9787535848246,,给孩子100本最棒的书 ,这是一本优秀的自美国引进的儿童文学指导类书籍。作者并非只提供一个书目，而是把书的内容、书的特点、作家的故事、创作背后的故事一一介绍，既深具专业性又有可读性。中国的大人们看这本书时，不要只看“目录”，还要看具体的内容，看看作者为什么要选这些书，她如何评价一部作品的。这本书有“魔力”让大人们自己先爱上童书。在今后几年之内，一个家庭都可以根据孩子的阅读兴趣和年龄的不同，从这100本书里选取适合孩子阅读的书。不论是家长、老师、祖父母、图书管理员和图书销售商都可以充满自信地把这100本书介绍给所有（0~12岁）的孩子们。,51,,,(美)安妮塔•西尔维,,美,王林,湖南少年儿童出版社,,,,,,,,,平装,2010年5月,,244页,26.80元,,,作者：安妮塔•西尔维，美国资深作家、编辑、儿童文学评论家，大学里的儿童文学讲师，曾任《号角》杂志总编辑，霍顿•米夫林出版公司副总裁。她是一位热爱童书的读者，阅读过125000本书。其作品有500 great books for teens; Everything I Need to Know I learned from a Children’s Book等。　　译者：儿童文学博士，人民教育出版社小学语文室编辑，“萤火虫教师读书会”发起人，儿童文学阅读进入课堂教学的积极推动者。参加人教版课程标准实验教材的编写。编著《儿童文学概论》《作家和你谈课文》《阅读不偏食》和《幼儿文学》教材等，翻译作品有《你见过仙女吗》《七只瞎老鼠》等。,8.1,"https://book.douban.com/subject/4744898/
"
9787020089338,,西女巫之死 ,“请让我拥有女巫的力量吧。” 空旷而温暖，与植物在一起的点滴生活 感动数百万读者的内心 寂地封面绘图，重归芬芳田园梦想 西女巫死了。阿米跟着妈妈奔赴乡下，不由得回忆起了两年前…… 那时的阿米拒绝上学，妈妈只好把她寄养在姥姥家，暂度这段艰难时光。姥姥是英国人，年轻时嫁到日本，如今一个人居住在宁静亲切的乡间。阿米得知，姥姥是在一个通晓植物、拥有智慧的女巫世家长大的，她便下定决心要跟着姥姥进行“女巫修行”，希望自己的内心能够散发强大的力量。 薄荷、月桂、金莲花、银龙草……即便宛如天堂般的山野生活，也会平添波折。只是，这一切都掩盖不了，弥漫在祖孙之间的淡淡的温馨情感。而人世间最重要的莫过于，在你的每个难关、每一刻脆弱时刻，都有人能够对你无限包容地说，I know。 西女巫走了。所幸庭院依然芬芳，岁月静好，人与自然温暖相抱。 本书荣获小学馆文学奖，同名电影由长崎峻一执导。,410,,,梨木香步,,,竺家荣,人民文学出版社,,,西の魔女が死んだ,,,,,,平装,2012-3,,125,19.00元,,,一九五九年出生于鹿儿岛县，曾留学英国。 一九九四年发表《西女巫之死》，获第二十八届日本儿童文学协会新人奖、第四十四届小学馆文学奖；已于二〇〇八年改编成电影。 一九九六年发表《后园》，获第一届儿童文学奇幻大奖第一名。 二〇〇四年发表《家守绮谭》二〇〇五年改编成NHK-FM广播剧。 二〇〇三年发表《沼地森林》获Sense of Gender奖、二〇〇六年第十六届紫式部文学奖。 二〇一〇年《过河的足迹》获二〇一〇年度读卖文学随笔/纪行分类奖。,8.3,"https://book.douban.com/subject/10432767/
"
9781420927368,,The Happy Prince and Other Tales ,"""A Happy Prince and Other Tales"" is a collection of whimisical short stories by Oscar Wilde. This collections includes the following tales: The Happy Prince, The Nightingale and the Rose, The Selfish Giant, The Devoted Friend, and The Remarkable Rocket. Readers of all ages will be delighted by these fanciful tales.",23,,,"Wilde, Oscar",,,,,,,,,,,,,,2006-1,,56,$ 5.64,,,,8.8,"https://book.douban.com/subject/10449997/
"
9787531836629,,找到这颗星球 ,寂地、扫把等联袂冠名推荐，国内第一本记录人与动物温暖新闻的绘本集。 由新生代人气画师卤猫潜心两年收集创作国内第一本记录人与动物温暖新闻的绘本集。把这些故事、语言和颜色，安上想象的翅膀，筑成最舒服灵动的画面。给读者传递温暖的信息，号召大家热爱自然和我们生活的星球，以及星球上形形色色的生物。除此之外还有海量创作访谈和花絮曝光。如果你不小心错过了本绘本，那就是错过了最简单的快乐和温暖。,1284,,,卤猫,,,,黑龙江美术出版社,,,,,,,,,精装,2012-10-8,,108,35.00元,,,卤猫，本名卢涛 1988年出生于福建宁德 现居厦门 白天是个快乐的上班族 晚上就化身自由的插画师 活跃于《elle》《文艺风象》《新蕾》《约绘》等众多杂志 喜欢关注和收集人与动物的温暖新闻 以此为题材创作绘本 将温暖的故事用自己的方式从新演绎也是个温暖的过程 个人网站：http://www.oamul.com/ 微博：http://weibo.com/lumao,8.4,"https://book.douban.com/subject/19943826/
"
9787806204474,,我兔斯基你 ,兔斯基是一只面无表情，完全靠肢体动作来表达情绪的兔子，几乎囊获了80后和90后的所有特征：富有想象力、自娱自乐、独立特行、反传统。也自带80后和90后所少有的优点：雍容、睿智、洒脱、富有洞察力。虽然看起来很困顿，内心却是很敏锐、强大、积极，那对象征性的眯眼和软耳，具有独特的解压作用，能消解人心灵负重。它自己的人生观和世界观已经能够成一种人生哲学，基本上可用一句话概括它的形象价值：用情绪改善人生，用想象力改变世界。,7406,,,王卯卯,,,,阳光出版社,,,,,,,,,平装,2009-7,,189,29.30元,,,王卯卯（MOMO） 2006午9月，王卯卯出于记录创作灵感、创作眯着两只眼的兔子形网络、卯卯博客浏览率于一周内马上飚升200倍，至今总浏览率已将近三千万。,8.1,"https://book.douban.com/subject/3887826/
"
9787545202267,,阿狸·梦之城堡 ,阿狸童话绘本为纯手绘创作，画风成熟稳定，颜色精美靓丽。阿狸绘本的文字脚本立足于挖掘人们内心深处的柔软与坚强，围绕亲情、爱情、友情主题，风格温暖，有发人深省的力量。,22983,,,hans,,,,上海锦绣文章出版社,,,,,,,,,平装,2009-1,,228,36.80元,,,"徐瀚，笔名hans。2005年考入清华大学美术学院，攻读硕士研究生学位，期间正式开始创作阿狸。先后在猫扑，天涯等网站发表阿狸的童话和四格漫画，帖子的点击总量达到三百万,阿狸的qq表情同时在网络上广为流传。后在《女友》《漫友.新蕾》杂志连载阿狸绘本，广受欢迎。",9.0,"https://book.douban.com/subject/3554154/
"
9787504158529,,咚咚！搭积木 ,小朋友们一起搭积木，用三块积木搭成了一条长板凳。再继续搭，会搭出长颈鹿、大山、大汽车、大城堡还是大轮船呢？都不是！是一只怪兽大恐龙！他向小朋友们追过来啦！小朋友们赶紧搭了一堵墙阻止积木大恐龙，可是墙也倒啦！于是，小朋友们开动脑筋再继续搭，搭了一个到处是积木的积木国。,22,,小巧手游戏书,"(日)竹下文子 文,(日)铃木守 图",,日,崔维燕,教育科学出版社,,,,,,,,,平装,2011-11,,,19.80元,,,,9.2,"https://book.douban.com/subject/7051783/
"
9787533928803,,父亲的荣耀 ,《父亲的荣耀》讲述了：他在六十岁前后追忆儿时，以“童年回忆录”为总题，一口气写了四本。《父亲的荣耀》是第一本，也是其中最受读者喜爱的一本。……帕尼奥这部书主要采用童年视角，充溢一种童趣，少年与童心未泯的成人读来自能感到兴味。……我以为螳螂与蚂蚁血战那一段最为精彩，其惊心动魄不亚于雨果笔下的滑轶卢战场，其精确不让《昆虫记》，其幽默令人解颐。……每一代法国家长都让孩子读这本书，原因之一也是为了让他们以有趣的方式获得许多博物知识。,113,,马塞尔·帕尼奥尔  童年回忆录,马塞尔·帕尼奥尔,,,施康强,浙江文艺出版社,,,,,,,,,,2009-8,,193,15.00元,,,施康强，一九四二年生于上海。一九六三年北京大学西语系法国语言文学专业毕业，一九八一年中国社会科学院研究生院外国文学系毕业，文学硕士。现为中共中央编译局译审。除职务翻译外，译有（清）黎庶昌《西洋杂志》（中译法）、《萨特文论选》、巴尔扎克《都兰趣话》、阿兰《幸福散论》、雨果《巴黎圣母院》（合译）、布罗代尔《十五至十八世纪的物质文明、经济和资本主义》（合译）等。著有随笔集《都市的茶客》、《第二壶茶——施康强书话》等。     马塞尔·帕尼奥尔（Marcel Pagnol，1895-1974），法国小说家、剧作家，法兰西学院院士。他在电影上的成就，受到电影大师罗塞里尼等人的推崇。帕尼奥尔擅长描写法国南方的风土人情，尤其是普罗旺斯的诗情画意和对家庭的眷念之情。总题为“童年回忆录”的自传体小说，以幽默逗趣的笔调叙述小马塞尔的童年生活和少年时光，为他赢得文学上的巨...(展开全部),8.7,"https://book.douban.com/subject/3932425/
"
9789867732033,,口袋里的牛奶糖 ,看到绿色，就想起你开的车子的颜色。 脑海中挤满了千百万个喜欢你的念头。 跟你在一起的时候，就好像口袋里放了两三颗牛奶糖， 那样的安心。 很想永远永远跟你在一起， 跟你分享所有的一切。 轻巧的图画和牛奶糖似的甜美风格，正是本书迷人可爱之处。本书用恋爱中的少女用梦幻式呓语，向读者轻轻撒娇，一段一段的恋爱心情，就像一颗颗用不同颜色包装纸仔细包裹起来的牛奶糖，吃到嘴里流出幸福与甜蜜的感觉。 随书附赠口袋里的甜蜜日记本一册。,397,,,"[日]福井康代著,[日]富士原辉惠绘",,日,,南海出版公司,,,,,,,,,精装,2006-11,,,25.00,,,,7.9,"https://book.douban.com/subject/1962198/
"
9787102062372,,小艾，爸爸特别特别地想你！ ,这是一本可遇不可求的书，一本独一无二的书，一本感人至深的书，一本记载历史的书。著名漫画家丁午在“文革”中（1969）被下放到河南干校，在干校，他想念留在北京的8岁女儿，只能用写信来寄托感情。由于女儿太小认不了几个字，还由于他是个漫画家，所以他的信主要是画出来的，其内容主要是父女之情的表达和对干校劳动生活的描述，真挚、生动，无意中记载了特殊年代一段难忘的感情和一段难忘的历史。,883,,,丁午,,,,人民美术出版社,,,,,,,,,精装,2013-3,,352,49.00元,,,丁午，生于1931年，贵州遵义人，原名蹇人斌。1952年毕业于中央美术学院，任《中国青年报》美术编辑，1979年调入人民美术出版社，曾参与创办并主编《儿童漫画》和《漫画大王》月刊，创作长篇连环漫画《熊猫小胖》、《小刺猬》等，最早引进日本漫画《机器猫》、《樱桃小丸子》。他对当代中国儿童漫画影响很大，八零后的许多读者都是在他的漫画伴随下长大的，他们亲切地称他为“漫画大王”。,9.2,"https://book.douban.com/subject/20435633/
"
9780140564341,,Make Way for Ducklings ,"This classic tale of the famous Mallard ducks of Boston is available for the first time in a full-sized paperback edition. Awarded the Caldecott Medal in 1941, Make Way for Ducklings has been described as ""one of the merriest picture books ever"" ( The New York Times ). Ideal for reading aloud, this book deserves a place of honor on every child's bookshelf.  ""Robert McCloskey's unusual and stunning pictures [have] long been a delight for their fun as well as their spirit of place."" — The Horn Book",32,,,Robert McClosky,,,,Puffin,,,,,,,,,Paperback,1999-2,,76,USD 7.99,,,,9.6,"https://book.douban.com/subject/1354158/
"
9787505614147,,比尔·皮特绘本系列（全六册） ,以清新优雅的彩铅插画、活泼跳跃的独特语言，讲述孩子最喜欢的动物、车辆的故事。每个故事都貌似平淡却有出人意料的结局。比如大坏熊布鲁斯被女巫变成了小宠物，却仍然喜欢欺负比他更小的动物，这样的结局会让每个孩子轻松地会心一笑。渴望自由的小车厢凯蒂、与众不同的世界之猪切斯特等，都是世界童书史上独一无二、深入人心的形象。,20,,,(美)比尔·皮特 文/图,,美,司南,,,,,,,,,,盒装,2011-1,,228,72.00元,,,与桑达克，苏斯博士并称为美国童书界三巨头的绘本大师 比尔•皮特 一位饱含童心，幽默风趣，关怀生态环境与人类关系的全才画家。 比尔•皮特的作品想象丰富、韵味深长，在西方世界有着广泛而深远的影响。他是迪斯尼历史上唯一一个为整部故事片创作全部脚本的人，一直以来，皮特作为核心人物致力于《白雪公主》《木偶奇遇记》、《幻想曲》、《三只小猪》、《南方之歌》、《灰姑娘》、《彼得•藩》、《爱丽丝漫游仙境》、《睡美人》和《森林王子》等迪斯尼经典动画片的创作。他的自传获得美国图画书最高奖凯迪克奖银奖。　　比尔•皮特爱用钢笔和柔和的彩色墨水，描绘看来有点滑稽、虚构的动物，结合了对环境以及对他人感觉的关心，喜欢描述地球上和平相处与互相帮助的生活故事，这也使他的作品中有让人如聆听轻快舞曲般愉快的感觉。故事也带有温柔的教育意味，同时向孩子们传达保护环境和生态平衡的理念。 本套图书...(展开全部),9.0,"https://book.douban.com/subject/5937002/
"
9787543470934,,安娜的新大衣 ,《安娜的新大衣》这个二战题材的故事里，“安娜的妈妈尝试用家传的几件贵重物品为安娜换取一件新大衣……，整个情节发展的基调很是温馨感人。对于孩子来说，培养他们内心的坚强，是成年人给他们的最好礼物。成长的路上， 无论在多么困难的情况面前，都要让孩子坚定地相信自己，努力面对。当然，亲情、友情和众人的帮助也是至关重要的。《安娜的新大衣》故事能达到德育、智育的双重效果，所以绝对不容错过哦。,144,,,(美)哈丽雅特·齐费尔特|译者,,美,余治莹,河北教育,,,,,,,,,,2008-10,,30,29.80元,,,,8.8,"https://book.douban.com/subject/3283630/
"
9787802252097,,我的抑郁症 ,《我的抑郁症》以独特个性的语言和极富感染力的素描，讲述了一个抑郁症患者如何与这种最常见的疾病作斗争的经历。全书真情流露，又不失幽默风趣，在美国出版后引起轰动，被誉为“一部让人摆脱抑郁的杰作”。,5070,,,[美] 伊丽莎白·斯瓦多,,美,王安忆,新星出版社,,,,,,,,,精装,2007-1,,116,25.00元,,,伊丽莎白·斯瓦多，美国著名作曲家、剧作家和导演。以实验音乐剧《逃亡者》闻名于纽约前卫戏剧的舞台。曾三次获得奥比奖，五次获得东尼奖和美国国家基金会艺术终生成就奖等。她在她所钟爱的行当里干得有声有色，但却为严重的抑郁症困扰了三十多年。,7.4,"https://book.douban.com/subject/1965977/
"
9787535801173,,狗王梦游 ,《狗王梦游》是童话作家郑渊洁所著十二生肖系列童话，该书包括狗王梦游、一只想当猫的狗，莎莉和牧羊犬等四部和狗有关的中篇童话故事。,627,,十二生肖系列童话,郑渊洁,,,,湖南少年儿童出版社,,,,,,,,,平装,1992-07-01,,151,,,,,8.7,"https://book.douban.com/subject/2059700/
"
9787806792728,,暑假奇遇 ,暑假奇遇，ISBN：9787806792728，作者：杨红樱著,321,,淘气包马小跳,杨红樱,,,,接力出版社,,,,,,,,,简裝本,2004-6,,158,13.00元,,,,8.3,"https://book.douban.com/subject/1248686/
"
9787540538460,,玛塔·黄金国历险记3 ,玛塔与怪博士来姆在一次海底探险中发现了消失万年的黄金国度的线索！于是玛塔众人开始了寻找黄金国的海上冒险，却遇见了妄想统治世界的野心家——里昂男爵，众人在逃亡之路上被卷入了一场意外的爆炸事件！却因此进入了神秘的黄金国度！ 伟大的古代文明和超越时代的先进科技让众人瞠目结舌——蕴藏在海底金字塔之中的巨大能量！新大西国的成立！里昂男爵的倒戈！数度出现在玛塔面前的黄金幻影!守护金银殿的绝大青铜兵飞复活。。。。。。危机轮番上演！ 一万两千年前瞬间消失的古老、富饶的黄金国度，在玛塔等人的探索中，逐渐显露出它真正的面目！快来和玛塔一起进行这场黄金大冒险吧！,489,,玛塔·黄金国历险记,猪乐桃,,,,新世纪出版社,,,,,,,,,平装,2008,,111,30.00元,,,猪乐桃，原名齐潇，生日9月10日，血型B。 喜欢的漫画家：高桥留美子、安达充、手冢治虫、埃尔热；主要作品：长篇彩色连载《玛塔与黄金国》；专题栏目《MATA测试馆》；专题栏目《猪仔仔的生活日记》。短篇彩色漫画《尤米飞行日记》获首届OACC金龙奖最佳效果奖，中篇黑白漫画《玛塔之灯塔岛历险》获第2届OACC金龙奖故事漫画金奖。,8.3,"https://book.douban.com/subject/3258845/
"
9787535457790,,这些都是你给我的爱2 ,《这些都是你给我的爱2:云治》内容简介：在欧洲的一个寒冷的小镇上家家都烧制陶瓷，兔子先生安东尼是这个小镇上唯一一个还没有任何作品的人，终于有一天安东尼的作品出来的消息在小镇上传开了，热情的村民凑到他家要看看究竟，原来他烧制出来的是一颗釉质红心，善良的村民问安东尼这个红心能拿来做什么呢？安东尼自己也回答不上来，但是他觉得这颗心就是他最想做的，难过的安东尼听说小镇外面的人都会经常旅行，学到很多东西，于是，安东尼决定第二天就离开小镇去旅行，带着他的作品——这颗心，安东尼开始了流浪，在旅途中，安东尼结识了很多人，慢慢地，他明白了一些关于这颗红心的“爱”的含义…… 海报：,12267,,这些都是你给我的爱,"安东尼,echo",,,,长江文艺出版社,,,,,,,,,平装,2012-8-10,,256,32.80元,,,,8.5,"https://book.douban.com/subject/11527101/
"
9787532420384,,罐头里的孩子 ,巴达洛提太太误收到一件货品——一个工厂制造的七岁儿童康拉德。他智力发达，不会说假话，不做坏事，很受“妈妈”巴达洛提太太和“爸爸”埃贡先生的喜爱。正当他和“妈妈”、“爸爸”以及全体伙伴们建立起深厚感情的时候，工厂却要收回送错的货品——康拉德。是什么绝招呢？读完这部童话，你就明白了。本书选材奇特，情节曲折，富于幻想和哲理，充满幼稚美和幽默美，是一部非常好的作品。,132,,世界名著金库,[奥地利]克·涅斯林格,,奥地利,施种,少年儿童出版社,,,,,,,,,平装,1997年11月第一版,,143,9.90,,,奥地利女作家克里斯蒂娜·涅斯特林格是国际安徒生儿童文学奖得主，无疑是当代世界上最著名的用德语写作的儿童文学作家之一，自1970年发表处女作《红发弗利德里克》以来，她已出版了儿童文学作品100多种，包括小说、诗歌、广播剧等多种体裁的作品。在德语国家总发行量已经超过一千万册，并被翻译成数十种文字广为流传。她是一位高产作家，几乎每年都出现几本新作，因为她的作品数量多，所以分别由6家出版社出版。她戏称自己是“一个人的字母工厂”，她的作品被译成数十种文字，不少小说不仅在奥地利和德国被拍成电影，而且还多次被美国、英国、新西兰、法国等非德语国家的电影导演搬上银幕。她的作品还被选入德语国家的中小学课本。无怪乎奥地利著名文学评论家西格利特·略夫勒称涅斯特林格“几乎就像一种名牌产品”。,8.8,"https://book.douban.com/subject/1781949/
"
9781853261251,,Heidi ,"Heidi is the heart-warming tale of a small girl's power for good, and it has remained a firm favourite since it was published over 100 years ago. It tells of the orphan Heidi and her idyllic existence with her gruff grandfather in the mountains. When she is sent to live in a city, comic chaos ensues, and eventually it is arranged that Heidi should return to the mountains. Together she and her friend Peter, the goat-herd, achieve wondrous changes in the community in which they live.",75,,,Johanna Spyri,,,,,,,,,,,,,,1993-1,,240,20.00元,,,,8.7,"https://book.douban.com/subject/1575999/
"
9787507725186,,杀人蚁 ,,605,,郑渊洁作品超级套餐系列丛书,郑渊洁,,,,学苑出版社,,,,,,,,,简裝本,2005-5,,227,15.00元,,,,8.2,"https://book.douban.com/subject/1311998/
"
9780140926521,,Roald Dahl 15 Book Box Set ,"Set contains:      The Magic Finger   Charlie and the Chocolate Factory   Esio Trot   Fantastic Mr. Fox   Boy – Tales of Childhood   Charlie and the Great Glass Elevator   The Twits   James and the Giant Peach   Danny, the Champion of the World   George's Marvellous Medicine   Going Solo   The BFG   Matilda   The Giraffe and the Pelly and Me   The Witches      这是一套集结Roald Dahl文学作品中15本经典有趣的故事套装组合，是能够与孩子一同分享的冒险与勇气故事，对英语初学者也是不错的学习工具，更可以当作礼物送给亲朋好友唷！   本套书包含：   The Magic Finger 《魔指》   Charlie and the Chocolate Factory 《巧克力工厂的秘密》   Esio Trot 《喂咕呜爱情咒》   Fantastic Mr. Fox 《狐狸爸爸万岁》   Boy : Tales of Childhood 《男孩：我的童年往事》   Charlie and the Great Glass Elevator 《玻璃大升降机历险记》   The Twits 《坏心的夫妻消失了》   James and the Giant Peach 《怪桃历险记》   Danny the Champion of the World 《爸爸真棒》   George’s Marvelous Medicine 《小乔治的神奇魔药》   Going Solo 《独行》   The Witches 《女巫》   Matilda 《玛迪达》   The Giraffe and the Pelly and Me《长颈鹿、小鹈儿与我》   The BFG《吹梦巨人》",20,,,Roald Dahl,,,,Penguin USA (Juv),,,,,,,,,Paperback,2010-3,,5000,628.00元,,,,8.8,"https://book.douban.com/subject/3409995/
"
9787544237475,,石头汤 ,三个和尚，阿福、阿禄和阿寿，行游在一条山路上，他们想要弄明白什么使人幸福。当和尚们出现时，惊恐的村民们立刻关紧了门窗，熄灭了灯火。这些村民长年在艰难岁月中煎熬，心肠变得坚硬，不愿接纳任何人。可是，和尚们巧妙地诱使他们用石头来煮汤，村民们发现他们不自觉地付出了很多，而获得的回报则更多。 作者琼•穆特以优美恬静的画风在美术及插画创作领域享有盛名，他运用华丽的水彩画，引领读者去深思故事背后的蕴涵。他把自己对禅宗和东方文化的热爱，融入到这个古老的巧计故事当中，以此弘扬慷慨好施的力量。,580,,新经典文库·爱心树绘本馆,(美)琼·穆特 文/图,,美,阿甲,南海出版公司,,,,,,,,,精装,2007-6-1,,30,25.00元,,,"琼•穆特（Jon J Moth）以优美恬静的画风在美术及插画创作领域享有盛名。他的《尼克莱的三个问题》（The Three Questions）改编自列夫•托尔斯泰的短篇小说，获《纽约时报书评》二星级评价，评论中称它“在默默地改变生命”。他为凯伦•海瑟（Karen Hesse）的《雨，快下吧！》（Come on, Rain!）插图，作品同样获得二星级评价，并获得插画师协会的金奖。他为艾瑞克•金米尔（Eric Kimmel）的《盖森的怪兽》（Gershon’s Monster）插图，作品获得三星级评价，列入当年美国图书馆协会推荐的优秀童书，并获得美国犹太图书馆协会奖（即“雪莉•泰勒奖” ）。琼•穆特还创作过多部获奖的漫画书，在日本和美国出版。《石头汤》中讲到，三个和尚来到一个饱经苦难的村庄，村民们长年在艰难岁月中煎熬，心肠变得坚硬，不愿接纳任何人。可是...(展开全部)",8.6,"https://book.douban.com/subject/2135382/
"
