asweets爱升 婴童玩具印第安帐篷纯棉布艺游戏屋五面折叠室内外儿童帐篷 (芭蕾女孩),asweets 爱升,,,,￥580.00,"
          
            
            
            
             颜色:芭蕾女孩
",,ASIN: B01ICIYXLI,厂商推荐适用年龄: 12 个月 - 8 岁,用户评分: 分享我的评价,"亚马逊热销商品排名: 


















玩具商品里排第61,670名 (查看玩具商品销售排行榜)
 




















第134位
- 玩具 > 婴幼玩具 > 室内攀爬、游戏屋","第134位
- 玩具 > 婴幼玩具 > 室内攀爬、游戏屋","亚马逊热销商品排名: 


















玩具商品里排第61,670名 ()","https://www.amazon.cn/asweets%E7%88%B1%E5%8D%87-%E5%A9%B4%E7%AB%A5%E7%8E%A9%E5%85%B7%E5%8D%B0%E7%AC%AC%E5%AE%89%E5%B8%90%E7%AF%B7%E7%BA%AF%E6%A3%89%E5%B8%83%E8%89%BA%E6%B8%B8%E6%88%8F%E5%B1%8B%E4%BA%94%E9%9D%A2%E6%8A%98%E5%8F%A0%E5%AE%A4%E5%86%85%E5%A4%96%E5%84%BF%E7%AB%A5%E5%B8%90%E7%AF%B7/dp/B01ICIYXLI/ref=sr_1_290/453-6146125-5825936?s=toys-and-games&ie=UTF8&qid=1478711987&sr=1-290
"
新方圆 木制彩旗飘扬世界地图,新方圆,平均4.3 星,6 条商品评论,厂商建议零售价:￥90.00,￥72.09,,产品描述新方圆 木制彩旗飘扬世界地图,品牌简介新方圆秉承“让宝宝玩的安全，让宝宝玩的开心”为原则，用好的木材，上乘的质量做到了高品质的玩具。,,发货重量: 2 Kg,ASIN: B001CBXKLM,厂商推荐适用年龄: 4 - 6 岁,产地: 浙江,"亚马逊热销商品排名: 


















玩具商品里排第32,640名 ()","https://www.amazon.cn/%E6%96%B0%E6%96%B9%E5%9C%86-%E6%9C%A8%E5%88%B6%E5%BD%A9%E6%97%97%E9%A3%98%E6%89%AC%E4%B8%96%E7%95%8C%E5%9C%B0%E5%9B%BE/dp/B001CBXKLM/ref=sr_1_4895/451-3085562-9701463?s=toys-and-games&ie=UTF8&qid=1478712203&sr=1-4895
"
Plan Toys Planactivity Spaghetti Play Set,Plan Toys,,,,￥88.82,,,"商品尺寸: 
    
    11.9 x 2 x 1.3 cm","商品重量: 
    
    200 g",发货重量: 200 g,ASIN: B005DD9GH2,厂商推荐适用年龄: 36 个月 - 7 岁,用户评分: 分享我的评价,"亚马逊热销商品排名: 


















玩具商品里排第75,134名 (查看玩具商品销售排行榜)
 




















第1025位
- 玩具 > 婴幼玩具 > 排序、堆砌","第1025位
- 玩具 > 婴幼玩具 > 排序、堆砌","亚马逊热销商品排名: 


















玩具商品里排第75,134名 ()","https://www.amazon.cn/Plan-Toys-Planactivity-Spaghetti-Play-Set/dp/B005DD9GH2/ref=sr_1_4252/455-6292058-1693758?s=toys-and-games&ie=UTF8&qid=1478712174&sr=1-4252
"
